Season,Time,Elo
2016,Bauru,1489.551100503703
2016,Flamengo,1510.448899496297
2016,Pinheiros,1489.293738447144
2016,Vitória,1510.706261552856
2016,Minas,1508.8426948550014
2016,Caxias do Sul Basquete,1491.1573051449986
2016,Franca,1490.4515679086176
2016,Flamengo,1519.9973315876794
2016,Bauru,1497.9437547736811
2016,Macaé Basquete,1491.607345730022
2016,Pinheiros,1497.4548616449495
2016,Basquete Cearense,1491.8388768021946
2016,Minas,1498.480896391009
2016,Vasco da Gama,1510.3617984639923
2016,Brasília,1507.9594041828104
2016,Caxias do Sul Basquete,1483.1979009621882
2016,Franca,1498.4801762813522
2016,Macaé Basquete,1483.5787373572873
2016,Brasília,1516.9750819941562
2016,Vasco da Gama,1501.3461206526465
2016,Campo Mourão,1489.0706913314596
2016,L. Sorocabana,1510.9293086685404
2016,Mogi,1509.1392486458703
2016,Paulistano,1490.8607513541297
2016,Vitória,1519.252592031316
2016,Brasília,1508.4287515156961
2016,Macaé Basquete,1473.7682374808157
2016,Pinheiros,1507.265361521421
2016,Basquete Cearense,1500.015912091163
2016,Minas,1490.3038611020406
2016,Paulistano,1500.0484074705116
2016,Bauru,1488.7560986572992
2016,L. Sorocabana,1519.4375626158262
2016,Franca,1489.9719223340664
2016,Vasco da Gama,1489.2953634618802
2016,Campo Mourão,1501.1214485222258
2016,Caxias do Sul Basquete,1472.6081713204107
2016,Mogi,1519.7289782876478
2016,Basquete Cearense,1488.6627090453478
2016,Brasília,1519.7819545615114
2016,Vitória,1525.7476997678025
2016,Minas,1483.8087533655541
2016,Flamengo,1527.7576199357336
2016,Pinheiros,1499.5050731733668
2016,Paulistano,1489.3495933895374
2016,Franca,1500.6707364150407
2016,L. Sorocabana,1506.4668245434166
2016,Bauru,1501.7268367297088
2016,Vasco da Gama,1499.2000394445856
2016,Mogi,1509.8243023049424
2016,Caxias do Sul Basquete,1461.8191602438537
2016,Campo Mourão,1511.9104595987828
2016,Vasco da Gama,1506.1309584308872
2016,Basquete Cearense,1481.7317900590463
2016,Caxias do Sul Basquete,1453.5500895412117
2016,Vitória,1534.0167704704445
2016,Pinheiros,1508.1913312198137
2016,Bauru,1493.0405786832619
2016,Paulistano,1477.9998949064905
2016,Brasília,1531.1316530445583
2016,Vasco da Gama,1495.2092612034455
2016,Vitória,1544.9384676978862
2016,L. Sorocabana,1494.7483865115685
2016,Minas,1495.5271913974022
2016,Caxias do Sul Basquete,1442.751713323692
2016,Basquete Cearense,1492.530166276566
2016,Campo Mourão,1499.8470536840337
2016,Flamengo,1539.8210258504828
2016,Pinheiros,1516.4189562005147
2016,Franca,1492.4431114343397
2016,L. Sorocabana,1484.4465825415446
2016,Brasília,1541.4334570145822
2016,Campo Mourão,1506.6035456468194
2016,Macaé Basquete,1467.01174551803
2016,Paulistano,1486.9431872537828
2016,Minas,1486.58389905011
2016,Bauru,1502.0789670734632
2016,Vasco da Gama,1486.1708728132442
2016,Franca,1499.8178072057958
2016,Caxias do Sul Basquete,1435.3770175522359
2016,Brasília,1549.3850416939415
2016,Pinheiros,1508.4673715211554
2016,Campo Mourão,1515.5119197602799
2016,Vitória,1536.0300935844257
2016,Macaé Basquete,1455.6608713658343
2016,Paulistano,1498.2940614059785
2016,Bauru,1508.957505418745
2016,Caxias do Sul Basquete,1428.498479206954
2016,Flamengo,1546.3773268613772
2016,L. Sorocabana,1477.89028153065
2016,Franca,1488.765426561582
2016,Vasco da Gama,1497.223253457458
2016,Minas,1476.0458326366804
2016,Pinheiros,1519.005437934585
2016,Campo Mourão,1502.5981921824405
2016,Basquete Cearense,1505.4438938544054
2016,Flamengo,1553.2895213376578
2016,Paulistano,1491.381866929698
2016,Macaé Basquete,1463.3890572700006
2016,L. Sorocabana,1470.1620956264837
2016,Mogi,1516.4141646733312
2016,L. Sorocabana,1463.572233258095
2016,Campo Mourão,1489.8897096152823
2016,Paulistano,1504.090349496856
2016,Flamengo,1559.5925725283619
2016,Macaé Basquete,1457.0860060792966
2016,Mogi,1524.8134709940907
2016,Basquete Cearense,1497.0445875336459
2016,Pinheiros,1526.152401099528
2016,L. Sorocabana,1456.4252700931518
2016,Minas,1484.2911490894915
2016,Campo Mourão,1481.6443931624713
2016,Brasília,1557.0703423867897
2016,Mogi,1517.1281703012426
2016,Pinheiros,1513.3406701156832
2016,Paulistano,1516.902080480701
2016,Caxias do Sul Basquete,1419.8593144299602
2016,Flamengo,1568.2317373053556
2016,Minas,1472.7922431031927
2016,Mogi,1528.6270762875413
2016,Brasília,1545.1868103532092
2016,Campo Mourão,1493.5279251960517
2016,Basquete Cearense,1505.3729265628647
2016,Franca,1480.4370875323632
2016,Vitória,1524.1978745970032
2016,Bauru,1520.7897244061676
2016,Caxias do Sul Basquete,1428.4037428656227
2016,Macaé Basquete,1448.5415776436341
2016,Basquete Cearense,1494.6605264950044
2016,Bauru,1531.5021244740278
2016,Vitória,1511.4329274059683
2016,Franca,1493.2020347233981
2016,Pinheiros,1502.7173976347487
2016,Campo Mourão,1504.1511976769862
2016,Macaé Basquete,1438.8451683957717
2016,Vitória,1521.1293366538307
2016,Flamengo,1555.2493717951572
2016,Basquete Cearense,1507.6428920052028
2016,Paulistano,1523.5089970893107
2016,Caxias do Sul Basquete,1421.796826257013
2016,Bauru,1518.0858407404307
2016,Minas,1486.2085268367898
2016,Franca,1502.6265785550447
2016,Brasília,1535.7622665215627
2016,L. Sorocabana,1465.0633350739593
2016,Vasco da Gama,1488.5851884766505
2016,Pinheiros,1511.4209147069353
2016,Mogi,1519.9235592153548
2016,Macaé Basquete,1449.195982316904
2016,Basquete Cearense,1497.2920780840705
2016,Bauru,1506.2922881221693
2016,Brasília,1547.555819139824
2016,L. Sorocabana,1472.3611633609025
2016,Caxias do Sul Basquete,1414.4989979700697
2016,Franca,1509.1797444677247
2016,Minas,1479.6553609241098
2016,Flamengo,1562.6748093021386
2016,Vitória,1513.7038991468494
2016,Flamengo,1567.815839408373
2016,Caxias do Sul Basquete,1409.3579678638353
2016,Paulistano,1512.2069234264175
2016,Vasco da Gama,1499.8872621395437
2016,Campo Mourão,1511.455878894869
2016,Mogi,1512.6188779974718
2016,Bauru,1515.2211595647052
2016,Franca,1500.2508730251889
2016,Caxias do Sul Basquete,1419.509320391682
2016,Vasco da Gama,1489.735909611697
2016,L. Sorocabana,1461.030928817865
2016,Paulistano,1523.537157969455
2016,Brasília,1554.2012463779427
2016,Minas,1473.0099336859912
2016,Basquete Cearense,1486.7939188487653
2016,Vitória,1524.2020583821545
2016,Minas,1480.4736751018281
2016,Macaé Basquete,1441.7322409010671
2016,Mogi,1521.6405953868361
2016,Bauru,1506.199442175341
2016,Campo Mourão,1501.0374838276637
2016,Franca,1510.6692680923943
2016,Caxias do Sul Basquete,1410.8794399649876
2016,Pinheiros,1520.0507951336297
2016,Basquete Cearense,1477.547984837899
2016,Paulistano,1532.7830919803212
2016,Vitória,1530.3585715678955
2016,L. Sorocabana,1454.874415632124
2016,Minas,1470.3611875562692
2016,Flamengo,1577.928326953932
2016,Brasília,1558.887436645025
2016,Macaé Basquete,1437.0460506339848
2016,Mogi,1530.121456991641
2016,Franca,1502.1884064875894
2016,Campo Mourão,1488.7010698850586
2016,Bauru,1518.535856117946
2016,Vasco da Gama,1497.6638874659059
2016,Pinheiros,1512.1228172794208
2016,Basquete Cearense,1483.958193842716
2016,L. Sorocabana,1448.4642066273072
2016,Vitória,1538.8683815536922
2016,Paulistano,1524.2732819945245
2016,Brasília,1567.874452377546
2016,Flamengo,1568.9413112214108
2016,Macaé Basquete,1426.9687646530597
2016,Vasco da Gama,1507.741173446831
2016,Mogi,1518.569587700151
2016,Flamengo,1580.4931805129008
2016,Mogi,1505.168812138241
2016,Macaé Basquete,1440.3695402149697
2016,Vasco da Gama,1517.6397059849912
2016,Brasília,1557.9759198393858
2016,Flamengo,1568.1945119853217
2016,Franca,1514.4870750151686
2016,Mogi,1513.417710777376
2016,Vitória,1530.6194829145572
2016,Macaé Basquete,1431.8088400027427
2016,Franca,1523.0477752273955
2016,Flamengo,1555.2764991052604
2016,Bauru,1531.4538689980072
2016,Paulistano,1512.0374885932551
2016,Campo Mourão,1500.936863286328
2016,L. Sorocabana,1437.6210266429648
2016,Mogi,1524.2608907617184
2016,Basquete Cearense,1474.2197797097779
2016,Pinheiros,1521.8612314123588
2016,Macaé Basquete,1422.354065437991
2016,Bauru,1540.908643562759
2016,Caxias do Sul Basquete,1403.8380126197453
2016,Brasília,1565.017347184628
2016,Vasco da Gama,1504.4102671170856
2016,Minas,1483.5906264241748
2016,Paulistano,1502.530945902755
2016,Mogi,1533.7674334522185
2016,L. Sorocabana,1427.7164611958144
2016,Campo Mourão,1510.8414287334783
2016,Vitória,1519.462804795119
2016,Pinheiros,1533.0179095317972
2016,Vasco da Gama,1512.55408166671
2016,Flamengo,1547.132684555636
2016,Caxias do Sul Basquete,1414.7581906098417
2016,Minas,1472.6704484340785
2016,Pinheiros,1538.2738559145337
2016,Macaé Basquete,1417.0981190552545
2016,Bauru,1548.1504290459252
2016,Paulistano,1495.2891604195888
2016,Franca,1529.2882000742875
2016,L. Sorocabana,1421.4760363489224
2016,Minas,1462.003795724842
2016,Basquete Cearense,1484.8864324190145
2016,Brasília,1552.3571219530425
2016,Vitória,1532.1230300267046
2016,Pinheiros,1527.2169549597804
2016,Flamengo,1558.1895855103892
2016,Mogi,1538.971964628677
2016,Caxias do Sul Basquete,1409.5536594333832
2016,Bauru,1553.7743803080186
2016,L. Sorocabana,1415.852085086829
2016,Franca,1536.3871093516807
2016,Paulistano,1488.1902511421956
2016,Minas,1453.1271535734911
2016,Vitória,1540.9996721780553
2016,Brasília,1559.577784963221
2016,Basquete Cearense,1477.665769408836
2016,Mogi,1546.267793125907
2016,Vasco da Gama,1505.25825316948
2016,Campo Mourão,1516.4465969640269
2016,Caxias do Sul Basquete,1403.9484912028347
2016,Vasco da Gama,1510.2568543631965
2016,Macaé Basquete,1412.099517861538
2016,Campo Mourão,1505.3563793949304
2016,Vasco da Gama,1521.347071932293
2016,Minas,1460.1416582355112
2016,L. Sorocabana,1408.837580424809
2016,Macaé Basquete,1402.8178396090439
2016,Campo Mourão,1514.6380576474246
2016,Flamengo,1566.0648018766085
2016,Mogi,1538.3925767596877
2016,Bauru,1561.3333519563332
2016,Pinheiros,1519.6579833114658
2016,Brasília,1565.8994165400754
2016,Paulistano,1481.868619565341
2016,Minas,1448.938818836768
2016,Paulistano,1493.0714589640843
2016,Macaé Basquete,1394.401688504535
2016,Mogi,1546.8087278641965
2016,Flamengo,1572.9632965904477
2016,Campo Mourão,1507.7395629335854
2016,Brasília,1569.7610276075318
2016,L. Sorocabana,1404.9759693573526
2016,Franca,1544.7693327239276
2016,Pinheiros,1511.275759939219
2016,Basquete Cearense,1483.9964828183242
2016,Caxias do Sul Basquete,1397.6177777933465
2016,Vitória,1548.6648801767064
2016,Vasco da Gama,1513.6818639336418
2016,Basquete Cearense,1493.0300634814387
2016,Vasco da Gama,1504.6482832705274
2016,Vitória,1553.1934615168402
2016,Caxias do Sul Basquete,1393.0891964532127
2016,Vasco da Gama,1493.6555051285286
2016,Bauru,1572.326130098332
2016,Paulistano,1499.1793922658446
2016,Macaé Basquete,1388.2937552027747
2016,L. Sorocabana,1397.255629014219
2016,Flamengo,1580.6836369335813
2016,Caxias do Sul Basquete,1386.1630968483717
2016,Franca,1551.6954323287687
2016,Pinheiros,1521.010909319354
2016,Brasília,1560.0258782273968
2016,Basquete Cearense,1483.0772191909018
2016,Mogi,1556.7615721547334
2016,Vitória,1559.9991601643958
2016,Campo Mourão,1500.9338642860298
2016,Paulistano,1509.422786691231
2016,Flamengo,1570.4402425081948
2016,L. Sorocabana,1386.321484922062
2016,Macaé Basquete,1399.2278992949318
2016,Caxias do Sul Basquete,1397.845459091838
2016,Bauru,1560.6437678548657
2016,Vasco da Gama,1502.2732789411245
2016,Franca,1543.0776585161727
2016,Pinheiros,1526.6964810091176
2016,Minas,1443.2532471470042
2016,Basquete Cearense,1472.4305035696154
2016,Campo Mourão,1511.5805799073162
2016,Vitória,1549.469672788633
2016,Mogi,1567.291059530496
2016,Franca,1551.5523018948904
2016,Bauru,1552.169124476148
2016,Mogi,1576.0977584175737
2016,Brasília,1551.2191793403192
2016,Bauru,1560.5331861223472
2016,Vitória,1541.1056111424339
2016,Franca,1538.9323035987372
2016,Basquete Cearense,1485.0505018657686
2016,Campo Mourão,1517.9782390158027
2016,Minas,1436.8555880385177
2016,L. Sorocabana,1396.586154538698
2016,Pinheiros,1516.4318113924814
2016,Bauru,1566.5056692700882
2016,Basquete Cearense,1479.0780187180276
2016,Mogi,1581.29860026658
2016,Minas,1431.6547461895113
2016,Franca,1546.9883833957551
2016,Vitória,1533.049531345416
2016,Campo Mourão,1507.2095706516293
2016,Brasília,1561.9878477044927
2016,Paulistano,1498.31565974734
2016,Pinheiros,1527.5389383363724
2016,Flamengo,1576.7662292828568
2016,Vasco da Gama,1495.9472921664626
2016,Macaé Basquete,1407.0667544930302
2016,Caxias do Sul Basquete,1390.0066038937396
2016,Minas,1423.5063824177882
2016,Brasília,1570.1362114762157
2016,Paulistano,1504.59841384977
2016,L. Sorocabana,1390.3034004362682
2016,Mogi,1586.9392856659679
2016,Campo Mourão,1501.5688852522414
2016,Macaé Basquete,1401.0490576928012
2016,Flamengo,1582.7839260830858
2016,Vitória,1540.1097268143149
2016,Basquete Cearense,1472.0178232491287
2016,Vasco da Gama,1480.6074895044183
2016,Caxias do Sul Basquete,1405.346406555784
2016,Vasco da Gama,1486.9993058857865
2016,L. Sorocabana,1383.9115840549
2016,Basquete Cearense,1463.2456573629213
2016,Flamengo,1591.5560919692932
2016,Vitória,1525.6933143238532
2016,Macaé Basquete,1415.4654701832628
2016,Caxias do Sul Basquete,1397.6547237355576
2016,Paulistano,1512.2900966699963
2016,Campo Mourão,1492.0560568626524
2016,Pinheiros,1537.0517667259614
2016,Minas,1415.7116723875486
2016,Bauru,1574.300379300328
2016,Brasília,1558.846134972249
2016,Franca,1558.2784598997218
2016,Basquete Cearense,1469.8896355542372
2016,Macaé Basquete,1408.821491991947
2016,Vitória,1516.3536061998313
2016,Flamengo,1600.895800093315
2016,Mogi,1594.0040322624527
2016,Pinheiros,1529.9870201294766
2016,Caxias do Sul Basquete,1385.8322274306065
2016,L. Sorocabana,1395.734080359851
2016,Vasco da Gama,1475.5637767373912
2016,Paulistano,1523.7256258183916
2016,Brasília,1566.6313854372797
2016,Bauru,1566.5151288352972
2016,Minas,1408.7015820510003
2016,Franca,1565.28855023627
2016,Macaé Basquete,1421.8970292191664
2016,Brasília,1553.5558482100603
2016,Flamengo,1605.1044209044296
2016,Minas,1404.4929612398857
2016,Pinheiros,1535.124716773813
2016,Caxias do Sul Basquete,1380.6945307862702
2016,Paulistano,1530.685872886033
2016,Basquete Cearense,1462.9293884865958
2016,Bauru,1555.9679773040068
2016,Mogi,1604.5511837937431
2016,L. Sorocabana,1387.7533370479605
2016,Vitória,1524.334349511722
2016,Franca,1572.025035110783
2016,Campo Mourão,1485.3195719881396
2016,Flamengo,1592.654980467603
2016,Brasília,1566.0052886468868
2016,Macaé Basquete,1430.5571146725645
2016,Minas,1395.8328757864876
2016,Pinheiros,1521.953296394349
2016,Vasco da Gama,1488.735197116855
2016,L. Sorocabana,1379.4649914278832
2016,Basquete Cearense,1471.217734106673
2016,Paulistano,1539.219686851196
2016,Vitória,1515.8005355465589
2016,Bauru,1562.9996846243876
2016,Campo Mourão,1478.2878646677589
2016,Franca,1580.4464139442405
2016,Mogi,1596.1298049602856
2016,Vasco da Gama,1478.0792365052696
2016,Pinheiros,1532.6092570059345
2016,Macaé Basquete,1422.6124797836421
2016,Bauru,1570.94431951331
2016,Basquete Cearense,1480.3462862904546
2016,Paulistano,1530.0911346674145
2016,Campo Mourão,1466.8430544588696
2016,Vitória,1527.2453457554482
2016,Pinheiros,1520.3060498513355
2016,Vasco da Gama,1490.3824436598686
2016,Bauru,1575.6606979252847
2016,Macaé Basquete,1417.8961013716673
2016,Pinheiros,1526.969871589716
2016,Vasco da Gama,1483.7186219214882
2016,Paulistano,1536.8791734621386
2016,Basquete Cearense,1473.5582474957305
2016,Bauru,1580.1024092852433
2016,Macaé Basquete,1413.4543900117087
2016,Paulistano,1524.6208445057107
2016,Basquete Cearense,1485.8165764521584
2016,Vitória,1533.0233387682586
2016,Campo Mourão,1461.0650614460592
2016,Vitória,1519.5413702548813
2016,Campo Mourão,1474.5470299594365
2016,Basquete Cearense,1474.7828976969706
2016,Paulistano,1535.6545232608985
2016,Vasco da Gama,1492.761011949301
2016,Pinheiros,1517.927481561903
2016,Campo Mourão,1482.8396179366675
2016,Vitória,1511.2487822776502
2016,Pinheiros,1525.5964883542492
2016,Vasco da Gama,1485.0920051569549
2016,Paulistano,1541.7390148026298
2016,Basquete Cearense,1468.6984061552394
2016,Vitória,1518.9535827328982
2016,Campo Mourão,1475.1348174814195
2016,Bauru,1569.9816313255187
2016,Brasília,1576.1260666066114
2016,Pinheiros,1515.7063166354387
2016,Flamengo,1602.5451521864136
2016,Paulistano,1551.5024472257544
2016,Franca,1570.6829815211158
2016,Vitória,1509.9228533361127
2016,Mogi,1605.1605343570711
2016,Brasília,1565.263330064048
2016,Bauru,1580.8443678680821
2016,Flamengo,1608.553663049981
2016,Pinheiros,1509.6978057718713
2016,Franca,1578.6450612984781
2016,Paulistano,1543.540367448392
2016,Brasília,1554.110417961033
2016,Bauru,1591.9972799710972
2016,Flamengo,1594.1394910592833
2016,Pinheiros,1524.111977762569
2016,Mogi,1592.1843216421755
2016,Vitória,1522.8990660510083
2016,Franca,1567.338672836113
2016,Paulistano,1554.8467559107573
2016,Mogi,1599.0257616447293
2016,Vitória,1516.0576260484545
2016,Bauru,1598.284810720525
2016,Brasília,1547.8228872116051
2016,Pinheiros,1533.5186382628565
2016,Flamengo,1584.7328305589958
2016,Paulistano,1542.8387405194776
2016,Franca,1579.3466882273926
2016,Vitória,1525.2963921637086
2016,Mogi,1589.7869955294752
2016,Flamengo,1573.0471913401154
2016,Pinheiros,1545.2042774817369
2016,Mogi,1576.349725510604
2016,Vitória,1538.7336621825798
2016,Franca,1566.3067447206222
2016,Paulistano,1555.878684026248
2016,Pinheiros,1555.1833431474217
2016,Bauru,1588.3057450548401
2016,Vitória,1527.6245959450578
2016,Paulistano,1566.98775026377
2016,Paulistano,1574.2033504204821
2016,Vitória,1520.4089957883457
2016,Bauru,1576.3187517956492
2016,Pinheiros,1567.1703364066127
2016,Paulistano,1580.3040896838122
2016,Vitória,1514.3082565250156
2016,Bauru,1584.7710308803898
2016,Pinheiros,1558.718057321872
2016,Pinheiros,1548.6847073773358
2016,Bauru,1594.804380824926
2016,Bauru,1601.4897182589207
2016,Pinheiros,1541.9993699433412
2016,Paulistano,1588.4297647947267
2016,Bauru,1593.3640431480062
2016,Bauru,1582.53204532381
2016,Paulistano,1599.2617626189228
2016,Bauru,1591.376463782246
2016,Paulistano,1590.417344160487
2016,Paulistano,1578.1283880531876
2016,Bauru,1603.6654198895453
2016,Bauru,1611.7229236310911
2016,Paulistano,1570.0708843116417
2017,Bauru,1617.7070556455483
2017,Paulistano,1564.0867522971846
2017,Franca,1553.4191460795473
2017,Campo Mourão,1488.0224161224944
2017,Minas,1404.8991916015682
2017,Vasco da Gama,1476.0256893418743
2017,L. Sorocabana,1390.7379937466628
2017,Basquete Cearense,1457.4254038364597
2017,Bauru,1622.0621995521067
2017,Campo Mourão,1483.667272215936
2017,L. Sorocabana,1401.7602411527325
2017,Vitória,1503.286009118946
2017,Mogi,1581.9121932355106
2017,Basquete Cearense,1451.8629361115532
2017,Franca,1562.716087587481
2017,Paulistano,1554.7898107892509
2017,Mogi,1587.707339384664
2017,Vitória,1497.4908629697925
2017,Paulistano,1563.0071560956717
2017,Flamengo,1564.8298460336946
2017,Vasco da Gama,1466.1040079824568
2017,Pinheiros,1551.9210513027588
2017,Campo Mourão,1470.179403213936
2017,Minas,1418.3870606035682
2017,Joinville / AABJ,1509.7224734444214
2017,Franca,1552.9936141430596
2017,Caxias do Sul Basquete,1393.0664908536994
2017,Bauru,1609.6902394846775
2017,Paulistano,1567.5496118925548
2017,Minas,1413.844604806685
2017,Vasco da Gama,1472.5245441931825
2017,L. Sorocabana,1395.3397049420068
2017,Botafogo,1489.994899708719
2017,Pinheiros,1561.9261515940398
2017,Campo Mourão,1461.4912875176722
2017,Flamengo,1573.5179617299584
2017,Joinville / AABJ,1500.0807076058702
2017,Bauru,1619.3320053232287
2017,Caxias do Sul Basquete,1386.225889431143
2017,Franca,1559.834215565616
2017,Botafogo,1495.5249401282706
2017,L. Sorocabana,1389.8096645224553
2017,Vasco da Gama,1464.3969610141473
2017,Mogi,1595.8349225636991
2017,Pinheiros,1567.5305909916322
2017,Basquete Cearense,1446.2584967139608
2017,Botafogo,1487.2696409198968
2017,Mogi,1604.090221772073
2017,Campo Mourão,1446.8106944705287
2017,Caxias do Sul Basquete,1400.9064824782865
2017,Minas,1424.8243140062143
2017,Botafogo,1476.2899317203676
2017,Minas,1431.4374570395325
2017,Caxias do Sul Basquete,1394.2933394449683
2017,Vitória,1505.195356497125
2017,Botafogo,1468.585438193035
2017,Flamengo,1577.547504681924
2017,Caxias do Sul Basquete,1390.2637964930027
2017,L. Sorocabana,1380.3957703796348
2017,Campo Mourão,1456.2245886133492
2017,Basquete Cearense,1455.4757390376662
2017,Botafogo,1459.3681958693296
2017,Franca,1568.9638569254755
2017,Bauru,1610.2023639633692
2017,Mogi,1608.2320610035283
2017,Campo Mourão,1452.0827493818938
2017,Flamengo,1583.844606801772
2017,Joinville / AABJ,1493.7836054860222
2017,Minas,1442.0270034890207
2017,Joinville / AABJ,1483.194059036534
2017,Caxias do Sul Basquete,1398.6494652076046
2017,L. Sorocabana,1372.0101016650328
2017,Pinheiros,1573.390632711464
2017,Campo Mourão,1446.222707662062
2017,Basquete Cearense,1463.9261765610215
2017,Vasco da Gama,1455.946523490792
2017,Pinheiros,1581.8930464325547
2017,Paulistano,1559.047198171464
2017,Joinville / AABJ,1487.9055855189868
2017,L. Sorocabana,1367.2985751825802
2017,Caxias do Sul Basquete,1410.4067884956096
2017,Mogi,1596.4747377155234
2017,Vitória,1511.2232482760085
2017,Vasco da Gama,1449.9186317119086
2017,Paulistano,1564.96287038038
2017,Basquete Cearense,1458.0105043521055
2017,Joinville / AABJ,1479.7250376606846
2017,Mogi,1604.6552855738255
2017,Caxias do Sul Basquete,1403.2339640029625
2017,Pinheiros,1589.0658709252018
2017,Joinville / AABJ,1471.3265841551379
2017,Pinheiros,1597.4643244307485
2017,Campo Mourão,1435.4128287309024
2017,Basquete Cearense,1468.820383283265
2017,Paulistano,1572.1920923128926
2017,Vitória,1503.994026343496
2017,Mogi,1610.7719236992464
2017,Franca,1562.8472188000546
2017,L. Sorocabana,1362.2400874703449
2017,Bauru,1615.2608516756045
2017,Campo Mourão,1426.0039910120004
2017,Vitória,1513.402864062398
2017,Pinheiros,1585.7382222336003
2017,Bauru,1626.9869538727528
2017,L. Sorocabana,1356.216615983489
2017,Franca,1568.8706902869105
2017,Minas,1434.610647183682
2017,Flamengo,1591.2609631071107
2017,Mogi,1618.5764008152837
2017,Bauru,1619.1824767567155
2017,Pinheiros,1591.4179241995776
2017,Vitória,1507.7231620964208
2017,L. Sorocabana,1351.0503503377302
2017,Paulistano,1577.3583579586514
2017,Vasco da Gama,1457.7405489659925
2017,Botafogo,1451.5462786152457
2017,Pinheiros,1580.8616785621589
2017,Mogi,1629.1326464527024
2017,Basquete Cearense,1455.4970671749056
2017,Caxias do Sul Basquete,1416.557280111322
2017,Vitória,1515.504016580611
2017,Joinville / AABJ,1463.5457296709476
2017,Vasco da Gama,1465.7957945570959
2017,Campo Mourão,1417.948745420897
2017,Botafogo,1442.913664136335
2017,Paulistano,1585.990972437562
2017,Bauru,1605.5954137812353
2017,Flamengo,1604.8480260825909
2017,Franca,1574.1258562636233
2017,Minas,1429.3554812069692
2017,L. Sorocabana,1346.3116662510467
2017,Pinheiros,1585.6003626488423
2017,Basquete Cearense,1464.2966916930159
2017,Joinville / AABJ,1454.7461051528373
2017,Vitória,1520.2877439605172
2017,Caxias do Sul Basquete,1411.7735527314157
2017,Botafogo,1449.6970982695327
2017,Campo Mourão,1411.1653112876993
2017,Vasco da Gama,1457.9254496929466
2017,Paulistano,1593.8613173017113
2017,Franca,1583.8085504754354
2017,Flamengo,1595.1653318707788
2017,Bauru,1609.9340827661379
2017,Minas,1425.0168122220666
2017,Vitória,1527.5491719339343
2017,Basquete Cearense,1457.0352637195988
2017,Caxias do Sul Basquete,1421.1837469465017
2017,Joinville / AABJ,1445.3359109377514
2017,Pinheiros,1573.5335866751313
2017,Franca,1595.8753264491463
2017,Flamengo,1599.9205621638912
2017,Vasco da Gama,1453.1702193998342
2017,Mogi,1617.5437038158316
2017,Paulistano,1605.4502599385821
2017,Botafogo,1442.1317427026497
2017,Bauru,1617.4994383330209
2017,Minas,1431.2239514559174
2017,L. Sorocabana,1340.104527017196
2017,Franca,1602.509747150237
2017,Vitória,1520.9147512328436
2017,Minas,1424.369677407432
2017,Mogi,1624.397977864317
2017,Flamengo,1606.8358406237435
2017,Pinheiros,1566.618308215279
2017,Paulistano,1609.5301480805367
2017,Campo Mourão,1407.0854231457447
2017,Joinville / AABJ,1433.0796256303236
2017,Vasco da Gama,1465.426504707262
2017,Bauru,1623.329806589386
2017,Vitória,1515.0843829764785
2017,Franca,1607.513437988875
2017,Basquete Cearense,1452.0315728809608
2017,Flamengo,1615.1811903600146
2017,Mogi,1616.0526281280459
2017,Minas,1435.8721267427645
2017,Pinheiros,1555.1158588799465
2017,Joinville / AABJ,1441.0540472751356
2017,Botafogo,1434.1573210578376
2017,Bauru,1627.2296096747816
2017,Basquete Cearense,1448.131769795565
2017,Caxias do Sul Basquete,1430.904105589441
2017,Vasco da Gama,1455.7061460643226
2017,Flamengo,1617.820236570989
2017,L. Sorocabana,1337.4654808062216
2017,Caxias do Sul Basquete,1439.285172292751
2017,Botafogo,1425.7762543545277
2017,Vasco da Gama,1448.0414942805428
2017,Franca,1615.1780897726549
2017,Paulistano,1613.8027685123168
2017,Joinville / AABJ,1436.7814268433556
2017,Basquete Cearense,1440.8279382124265
2017,Flamengo,1625.1240681541276
2017,Vitória,1521.8100030552575
2017,Minas,1429.1465066639855
2017,Botafogo,1419.8894563033784
2017,Franca,1621.0648878238042
2017,Vitória,1513.244924183897
2017,Flamengo,1633.6891470254882
2017,Paulistano,1618.1554847079208
2017,Caxias do Sul Basquete,1434.932456097147
2017,Campo Mourão,1397.3860260492163
2017,Joinville / AABJ,1446.480823939884
2017,Basquete Cearense,1448.616550448868
2017,Minas,1421.357894427544
2017,Mogi,1618.5194933433172
2017,L. Sorocabana,1334.9986155909503
2017,Vasco da Gama,1442.4395176741782
2017,Bauru,1632.8315862811462
2017,Vitória,1521.7028202345991
2017,Pinheiros,1546.6579628292443
2017,Flamengo,1637.5838690545597
2017,Botafogo,1415.994734274307
2017,Basquete Cearense,1458.2283736773902
2017,Pinheiros,1537.0461396007222
2017,Paulistano,1626.766699451052
2017,Bauru,1624.220371538015
2017,Campo Mourão,1391.245561860095
2017,Franca,1627.2053520129255
2017,Paulistano,1635.3457276288136
2017,Franca,1618.626323835164
2017,Mogi,1622.2551782954124
2017,Botafogo,1412.2590493222117
2017,Campo Mourão,1385.2204047945863
2017,Bauru,1630.2455286035236
2017,Vasco da Gama,1450.5030066306415
2017,Minas,1413.2944054710806
2017,Basquete Cearense,1463.7152981704176
2017,L. Sorocabana,1329.511691097923
2017,Vitória,1525.8348408174936
2017,L. Sorocabana,1325.3796705150285
2017,Joinville / AABJ,1435.051656860999
2017,Caxias do Sul Basquete,1446.361623176032
2017,Vasco da Gama,1443.7892808550257
2017,Flamengo,1644.2975948301755
2017,Minas,1401.252913871012
2017,Campo Mourão,1397.261896394655
2017,Franca,1622.6938800952528
2017,Caxias do Sul Basquete,1442.2940669159432
2017,L. Sorocabana,1317.6008061338548
2017,Vasco da Gama,1451.5681452361994
2017,Bauru,1634.473163215051
2017,Joinville / AABJ,1430.8240222494715
2017,Basquete Cearense,1472.1299565501797
2017,Vitória,1517.4201824377315
2017,Minas,1396.0019110754974
2017,Paulistano,1640.5967304243281
2017,Pinheiros,1541.6254484037277
2017,Botafogo,1407.6797405192062
2017,Mogi,1626.401075026885
2017,Vasco da Gama,1447.4222485047267
2017,Flamengo,1647.4446571451454
2017,Campo Mourão,1394.1148340796851
2017,Bauru,1617.9734512617642
2017,Caxias do Sul Basquete,1458.79377886923
2017,Franca,1626.669685671466
2017,Joinville / AABJ,1426.8482166732583
2017,Flamengo,1637.491392725635
2017,Paulistano,1650.5499948438385
2017,Pinheiros,1528.6717008357841
2017,Vasco da Gama,1460.3759960726702
2017,L. Sorocabana,1308.7868527002713
2017,Botafogo,1416.4936939527897
2017,Campo Mourão,1388.1908907793165
2017,Mogi,1632.3250183272537
2017,Bauru,1605.6937337445306
2017,Franca,1638.9494031886995
2017,Joinville / AABJ,1420.9313541500635
2017,Flamengo,1643.4082552488298
2017,Vasco da Gama,1451.1553578073356
2017,Vitória,1526.640820703066
2017,Botafogo,1425.0515143453788
2017,Basquete Cearense,1463.5721361575906
2017,Caxias do Sul Basquete,1444.5067592153337
2017,Minas,1410.2889307293938
2017,Paulistano,1652.5058823747115
2017,L. Sorocabana,1306.8309651693983
2017,Campo Mourão,1381.1288222679548
2017,Pinheiros,1535.7337693471459
2017,Joinville / AABJ,1409.349395254304
2017,Minas,1421.8708896251533
2017,Botafogo,1436.9889560640236
2017,Vitória,1514.7033789844213
2017,Vasco da Gama,1459.0538207650739
2017,Basquete Cearense,1455.6736731998524
2017,Caxias do Sul Basquete,1437.8157911458393
2017,Flamengo,1650.0992233183242
2017,Paulistano,1660.6391427695066
2017,Mogi,1624.1917579324586
2017,Paulistano,1664.929175321201
2017,Pinheiros,1531.4437367954515
2017,Pinheiros,1537.5230865535048
2017,Caxias do Sul Basquete,1431.736441387786
2017,L. Sorocabana,1297.8195677693768
2017,Joinville / AABJ,1418.3607926543255
2017,Minas,1415.0280119711606
2017,Bauru,1612.5366113985233
2017,Vitória,1519.5927489441924
2017,Campo Mourão,1376.2394523081837
2017,Basquete Cearense,1449.301202764725
2017,Paulistano,1671.3016457563283
2017,Flamengo,1658.6115416692726
2017,Franca,1630.4370848377512
2017,Pinheiros,1543.474495393866
2017,Joinville / AABJ,1412.4093838139643
2017,Botafogo,1426.292738455341
2017,Vasco da Gama,1469.7500383737565
2017,Mogi,1627.3616087304968
2017,Caxias do Sul Basquete,1428.5665905897479
2017,Flamengo,1665.8845261820984
2017,Bauru,1605.2636268856975
2017,Basquete Cearense,1455.5072091996701
2017,Campo Mourão,1370.0334458732386
2017,Vitória,1511.6161970291741
2017,Paulistano,1679.2781976713466
2017,Minas,1408.8646108947426
2017,Franca,1636.6004859141692
2017,Mogi,1630.7697297582386
2017,Joinville / AABJ,1409.0012627862225
2017,L. Sorocabana,1290.68876082718
2017,Caxias do Sul Basquete,1435.6973975319447
2017,Botafogo,1414.7099722816024
2017,Minas,1420.447377068481
2017,Campo Mourão,1357.408431825093
2017,L. Sorocabana,1303.3137748753256
2017,Basquete Cearense,1466.9480267141191
2017,Mogi,1619.3289122437895
2017,Vitória,1522.2232634615082
2017,Mogi,1608.7218458114555
2017,Caxias do Sul Basquete,1444.5480048618795
2017,Basquete Cearense,1458.0974193841844
2017,Campo Mourão,1367.4252638935307
2017,Botafogo,1404.6931402131647
2017,Joinville / AABJ,1400.1298590493761
2017,Vitória,1531.0946671983545
2017,Bauru,1607.6438038041335
2017,L. Sorocabana,1300.9335979568896
2017,Paulistano,1682.1553469099777
2017,Botafogo,1401.8159909745336
2017,Campo Mourão,1358.6374782382923
2017,Vasco da Gama,1478.537824028995
2017,Joinville / AABJ,1410.4027448124157
2017,Basquete Cearense,1447.8245336211448
2017,Bauru,1613.1394552470574
2017,Pinheiros,1537.978843950942
2017,Caxias do Sul Basquete,1453.5494445345144
2017,Vitória,1522.0932275257196
2017,Franca,1638.3946781677996
2017,L. Sorocabana,1299.1394057032592
2017,Paulistano,1686.1998095762976
2017,Vasco da Gama,1474.493361362675
2017,Flamengo,1668.8782089967394
2017,Minas,1417.45369425384
2017,Franca,1643.9535399477543
2017,Pinheiros,1532.4199821709874
2017,Vitória,1532.2583582125314
2017,Bauru,1602.9743245602456
2017,L. Sorocabana,1296.3623434409876
2017,Flamengo,1671.655271259011
2017,Botafogo,1410.4281532529071
2017,Joinville / AABJ,1401.7905825340422
2017,Vasco da Gama,1461.5676823923282
2017,Caxias do Sul Basquete,1466.4751235048611
2017,Pinheiros,1524.587937755687
2017,Flamengo,1679.4873156743113
2017,Vasco da Gama,1468.8647085182254
2017,Joinville / AABJ,1394.493556408145
2017,Botafogo,1420.2103152667885
2017,Caxias do Sul Basquete,1456.6929614909798
2017,Franca,1650.3024393491164
2017,Mogi,1602.3729464100934
2017,Campo Mourão,1354.6581069259466
2017,Paulistano,1690.1791808886433
2017,Mogi,1593.8890571878367
2017,Flamengo,1687.971204896568
2017,Pinheiros,1512.046534909266
2017,Minas,1429.995097100261
2017,Basquete Cearense,1459.858584408963
2017,Franca,1638.2683885612983
2017,Botafogo,1415.7986426483346
2017,Flamengo,1692.3828775150218
2017,Mogi,1598.7065054943498
2017,Minas,1425.177648793748
2017,Vitória,1523.8814193407204
2017,Franca,1646.6453274331093
2017,L. Sorocabana,1287.7465826516304
2017,Minas,1433.7934095831051
2017,Bauru,1593.081009572994
2017,Mogi,1608.5998204816015
2017,Basquete Cearense,1469.9592250666838
2017,Bauru,1582.9803689152732
2017,Franca,1651.126634833946
2017,Vasco da Gama,1464.3834011173888
2017,Flamengo,1695.2326830525344
2017,Basquete Cearense,1467.1094195291712
2017,Minas,1443.2087411511784
2017,Vitória,1514.4660877726471
2017,Caxias do Sul Basquete,1462.2808680429669
2017,Campo Mourão,1349.0702003739596
2017,Joinville / AABJ,1390.1250308419926
2017,Paulistano,1694.5477064547956
2017,Bauru,1587.6025020061006
2017,Botafogo,1411.1765095575072
2017,Franca,1654.4939784172138
2017,Botafogo,1407.8091659742392
2017,Bauru,1573.757897476864
2017,Vasco da Gama,1478.2280056466254
2017,Minas,1452.33643661804
2017,Basquete Cearense,1457.9817240623097
2017,Flamengo,1699.3671091099732
2017,Vitória,1510.3316617152084
2017,Joinville / AABJ,1396.339677266128
2017,Campo Mourão,1342.855553949824
2017,Caxias do Sul Basquete,1474.4819622111936
2017,Paulistano,1682.3466122865689
2017,Pinheiros,1515.336237922026
2017,L. Sorocabana,1284.4568796388705
2017,Mogi,1593.8881984145144
2017,Pinheiros,1530.047859989113
2017,L. Sorocabana,1280.8693320289979
2017,Mogi,1597.475746024387
2017,Botafogo,1398.6550652172668
2017,Caxias do Sul Basquete,1483.636062968166
2017,Minas,1462.6764271415702
2017,Vitória,1499.991671191678
2017,Vasco da Gama,1469.3416241411262
2017,Bauru,1582.6442789823632
2017,Basquete Cearense,1448.430484743368
2017,Pinheiros,1539.5990993080547
2017,Caxias do Sul Basquete,1490.2458962306505
2017,Botafogo,1392.0452319547824
2017,Vitória,1507.1001769224943
2017,Minas,1455.567921410754
2017,Caxias do Sul Basquete,1496.2479210426259
2017,Botafogo,1386.043207142807
2017,Bauru,1569.6060847372075
2017,Vasco da Gama,1482.3798183862818
2017,Pinheiros,1526.7115732171471
2017,Basquete Cearense,1461.3180108342756
2017,Vitória,1513.923340317088
2017,Minas,1448.7447580161602
2017,Bauru,1575.0910131794874
2017,Vasco da Gama,1476.894889944002
2017,Pinheiros,1512.9002702179744
2017,Basquete Cearense,1475.1293138334484
2017,Minas,1458.9904560882833
2017,Vitória,1503.677642244965
2017,Vasco da Gama,1469.4470425110865
2017,Bauru,1582.538860612403
2017,Basquete Cearense,1482.9585709362361
2017,Pinheiros,1505.0710131151866
2017,Vitória,1491.398753646236
2017,Minas,1471.2693446870123
2017,Caxias do Sul Basquete,1488.3787431516384
2017,Mogi,1605.3449239153745
2017,Minas,1465.5787893701392
2017,Flamengo,1705.0576644268463
2017,Bauru,1592.1932234744113
2017,Franca,1644.8396155552055
2017,Basquete Cearense,1495.8476018189676
2017,Paulistano,1669.4575814038374
2017,Flamengo,1708.3631376829212
2017,Minas,1462.2733161140643
2017,Mogi,1610.7470067455592
2017,Caxias do Sul Basquete,1482.9766603214537
2017,Flamengo,1711.0985640802862
2017,Minas,1459.5378897166993
2017,Franca,1632.3630773240434
2017,Bauru,1604.6697617055734
2017,Paulistano,1673.2377358624651
2017,Basquete Cearense,1492.0674473603399
2017,Mogi,1595.6715264660634
2017,Caxias do Sul Basquete,1498.0521406009495
2017,Franca,1620.1684781150486
2017,Bauru,1616.8643609145681
2017,Paulistano,1677.2693952658901
2017,Basquete Cearense,1488.0357879569149
2017,Caxias do Sul Basquete,1489.1307018478615
2017,Mogi,1604.5929652191514
2017,Basquete Cearense,1480.809617763976
2017,Paulistano,1684.495565458829
2017,Mogi,1616.5110793644378
2017,Flamengo,1699.1804499349998
2017,Bauru,1607.5729889026009
2017,Paulistano,1693.7869374707964
2017,Flamengo,1684.8273248310193
2017,Mogi,1630.8642044684184
2017,Paulistano,1679.6774712235615
2017,Bauru,1621.6824551498357
2017,Flamengo,1691.418836507692
2017,Mogi,1624.2726927917456
2017,Paulistano,1687.0953933051428
2017,Bauru,1614.2645330682544
2017,Bauru,1624.26769767741
2017,Paulistano,1677.0922286959872
2017,Mogi,1635.0075283776036
2017,Flamengo,1680.684000921834
2017,Paulistano,1683.2154035296558
2017,Bauru,1618.1445228437415
2017,Mogi,1624.1321434848758
2017,Paulistano,1694.0907884223836
2017,Paulistano,1680.0629781141226
2017,Mogi,1638.1599537931368
2017,Paulistano,1686.598569080545
2017,Mogi,1631.6243628267143
2017,Mogi,1621.9869511375366
2017,Paulistano,1696.2359807697228
2018,Paulistano,1682.5534572055826
2018,Mogi,1635.6694747016768
2018,Brasília,1536.293829186435
2018,Vasco da Gama,1480.9761005362566
2018,Basquete Cearense,1474.2477690787266
2018,Flamengo,1687.2458496070833
2018,Pinheiros,1516.6964937409575
2018,Bauru,1606.5190422179705
2018,Brasília,1528.2156867706701
2018,Flamengo,1695.3239920228482
2018,Botafogo,1376.1450916013296
2018,Joinville / AABJ,1406.2377928076055
2018,Pinheiros,1523.480474171681
2018,São José,1493.2160195692766
2018,Corinthians,1492.606945750034
2018,Franca,1627.5615323650147
2018,São José,1500.5932048232896
2018,Basquete Cearense,1466.8705838247135
2018,Flamengo,1697.3013046808896
2018,Joinville / AABJ,1404.260480149564
2018,Mogi,1621.8123036218428
2018,Pinheiros,1537.337645251515
2018,Vasco da Gama,1467.537787538384
2018,Joinville / AABJ,1417.6987931474366
2018,Corinthians,1486.2495730802461
2018,Paulistano,1688.9108298753704
2018,Franca,1612.2628680778096
2018,Botafogo,1391.4437558885347
2018,Mogi,1626.7365528157436
2018,Basquete Cearense,1461.9463346308128
2018,Joinville / AABJ,1408.8834944030418
2018,Pinheiros,1546.1529439959097
2018,Paulistano,1692.1863669579604
2018,Basquete Cearense,1458.6707975482227
2018,São José,1487.8989827802043
2018,Minas,1472.2321117597846
2018,Bauru,1592.6461304128347
2018,Vasco da Gama,1481.4106993435198
2018,Paulistano,1695.2920158835207
2018,Minas,1469.1264628342244
2018,Corinthians,1495.903371002744
2018,Brasília,1518.5618888481722
2018,Bauru,1596.5097026387155
2018,Botafogo,1387.580183662654
2018,Franca,1617.7072263314442
2018,Vasco da Gama,1475.9663410898852
2018,Pinheiros,1533.2196812238437
2018,Corinthians,1508.83663377481
2018,Mogi,1632.461984378807
2018,Brasília,1512.8364572851087
2018,Bauru,1587.2158586954108
2018,Franca,1627.0010702747488
2018,Minas,1475.9187454697235
2018,Joinville / AABJ,1402.0912117675427
2018,Botafogo,1401.9689761822974
2018,Paulistano,1680.9032233638773
2018,Flamengo,1704.2921121435256
2018,Mogi,1625.471176916171
2018,Minas,1484.9955986970422
2018,Vasco da Gama,1466.8894878625665
2018,Basquete Cearense,1451.7649971527487
2018,Franca,1633.9068706702228
2018,Brasília,1503.4631238852007
2018,Bauru,1596.5891920953188
2018,Joinville / AABJ,1392.658582522617
2018,Corinthians,1518.2692630197357
2018,Botafogo,1415.122637300489
2018,Mogi,1612.3175157979795
2018,Flamengo,1688.0621443950904
2018,Pinheiros,1549.449648972279
2018,Brasília,1494.705448243679
2018,Franca,1642.6645463117445
2018,Basquete Cearense,1464.0285910891341
2018,Bauru,1584.3255981589334
2018,Vasco da Gama,1460.7837726480682
2018,Paulistano,1687.0089385783756
2018,Flamengo,1692.1757297010743
2018,Corinthians,1514.1556777137519
2018,Minas,1494.2556589023684
2018,Pinheiros,1540.1895887669527
2018,São José,1479.1196255100472
2018,Mogi,1621.0968730681366
2018,Bauru,1574.8310530132771
2018,Flamengo,1701.6702748467305
2018,Franca,1647.5352293267722
2018,Minas,1489.3849758873407
2018,Joinville / AABJ,1401.8735675361856
2018,Basquete Cearense,1454.8136060755655
2018,Pinheiros,1532.5657826982485
2018,Paulistano,1694.6327446470798
2018,Bauru,1581.0309421907336
2018,Minas,1483.1850867098842
2018,Franca,1657.0194545501408
2018,Flamengo,1692.186049623362
2018,Botafogo,1426.6861459420693
2018,Corinthians,1502.5921690721716
2018,Flamengo,1695.544639719013
2018,Vasco da Gama,1457.425182552417
2018,Bauru,1566.420272240925
2018,São José,1493.7302954598558
2018,Pinheiros,1537.9656762989189
2018,Basquete Cearense,1449.4137124748952
2018,Corinthians,1508.5314338476096
2018,Basquete Cearense,1443.4744476994572
2018,Joinville / AABJ,1416.1773100243922
2018,Bauru,1552.1165297527184
2018,Minas,1476.4299687314956
2018,Mogi,1627.8519910465252
2018,São José,1487.8158917319008
2018,Flamengo,1701.459043446968
2018,Brasília,1501.5488415215
2018,Botafogo,1419.8427526642483
2018,Mogi,1633.8185170391894
2018,Bauru,1546.1500037600542
2018,Basquete Cearense,1451.185518111452
2018,Botafogo,1412.1316822522535
2018,Paulistano,1703.3353743028838
2018,Flamengo,1692.756413791164
2018,Vasco da Gama,1467.1692557856024
2018,Corinthians,1498.7873606144242
2018,Mogi,1623.3160587948967
2018,Franca,1667.5219127944335
2018,Paulistano,1706.5643278954265
2018,São José,1484.5869381393582
2018,Pinheiros,1545.676487635807
2018,Brasília,1493.8380301846119
2018,Franca,1670.9550013839819
2018,São José,1481.1538495498098
2018,Joinville / AABJ,1407.020205092303
2018,Brasília,1502.995135116701
2018,Franca,1680.6833230207087
2018,Paulistano,1696.8360062586996
2018,Minas,1484.390047689915
2018,Corinthians,1490.8272816560047
2018,Botafogo,1422.39130274723
2018,São José,1470.8942290548334
2018,Vasco da Gama,1474.8440370465198
2018,São José,1463.219447793916
2018,Vasco da Gama,1460.965685344113
2018,Botafogo,1436.2696544496368
2018,Minas,1491.2195878297237
2018,Botafogo,1429.4401143098282
2018,Pinheiros,1558.0229036735975
2018,Franca,1668.3369069829182
2018,Corinthians,1478.6349412957632
2018,São José,1475.4117881541576
2018,Basquete Cearense,1461.2045446105876
2018,Brasília,1492.9761086175654
2018,Bauru,1559.593272028091
2018,Paulistano,1683.392737990663
2018,Mogi,1626.8152441564534
2018,Joinville / AABJ,1403.5210197307463
2018,Basquete Cearense,1469.073730258093
2018,Vasco da Gama,1453.0964996966075
2018,Flamengo,1695.710011240102
2018,Botafogo,1426.4865168608903
2018,Mogi,1631.2187439522245
2018,Corinthians,1474.2314414999921
2018,São José,1480.93790969436
2018,Joinville / AABJ,1397.9948981905438
2018,Brasília,1501.2955850315439
2018,Minas,1482.9001114157452
2018,Paulistano,1685.8453349715337
2018,Joinville / AABJ,1395.542301209673
2018,Vasco da Gama,1444.8181299908613
2018,Pinheiros,1566.3012733793437
2018,Basquete Cearense,1477.6611603127174
2018,Minas,1474.312681361121
2018,São José,1489.9630000081129
2018,Brasília,1492.270494717791
2018,Botafogo,1418.4345009833014
2018,Pinheiros,1574.3532892569326
2018,Vasco da Gama,1438.1338480982283
2018,Mogi,1637.9030258448574
2018,Corinthians,1484.0405188430295
2018,Bauru,1549.7841946850535
2018,Minas,1468.5965180182318
2018,Flamengo,1701.426174582991
2018,Paulistano,1688.9986619618983
2018,Brasília,1489.1171677274265
2018,Joinville / AABJ,1390.8192965717822
2018,Franca,1673.059911620809
2018,Paulistano,1692.266207334527
2018,Corinthians,1480.7729734704008
2018,Mogi,1642.3112064628551
2018,São José,1485.5548193901152
2018,Corinthians,1489.043024205415
2018,Minas,1460.3264672832177
2018,Vasco da Gama,1430.0358209355004
2018,Bauru,1557.8822218477815
2018,Basquete Cearense,1471.7330139975577
2018,Paulistano,1698.1943536496867
2018,Joinville / AABJ,1386.0824789749274
2018,Mogi,1647.0480240597099
2018,Pinheiros,1579.8227951901174
2018,Minas,1454.8569613500329
2018,Brasília,1482.6333899555332
2018,Paulistano,1704.67813142158
2018,Botafogo,1411.0697675167664
2018,Bauru,1565.2469553143164
2018,Corinthians,1482.7049113547776
2018,Flamengo,1707.7642874336284
2018,Franca,1676.6147657017907
2018,Basquete Cearense,1468.178159916576
2018,Joinville / AABJ,1375.521313518561
2018,Vasco da Gama,1440.5969863918667
2018,Pinheiros,1591.4886250138304
2018,Flamengo,1696.0984576099154
2018,Bauru,1571.0657744345815
2018,Basquete Cearense,1462.359340796311
2018,Brasília,1476.1583918279835
2018,Mogi,1653.5230221872596
2018,Minas,1444.7383311835779
2018,São José,1495.6734495565702
2018,Corinthians,1475.0265616502802
2018,Pinheiros,1599.1669747183278
2018,Vasco da Gama,1435.5364067278995
2018,Franca,1681.675345365758
2018,Basquete Cearense,1455.7980409956624
2018,Mogi,1660.0843219879082
2018,Flamengo,1699.8448198398094
2018,São José,1491.9270873266762
2018,Botafogo,1407.0954643983077
2018,Franca,1685.6496484842166
2018,Joinville / AABJ,1365.8890097127123
2018,Minas,1454.3706349894267
2018,Mogi,1663.0627211481847
2018,Minas,1451.3922358291502
2018,Bauru,1559.2020449282313
2018,Brasília,1488.0221213343336
2018,Botafogo,1416.668571404505
2018,Basquete Cearense,1446.2249339894652
2018,Paulistano,1690.9664079295108
2018,Pinheiros,1612.878698210397
2018,Vasco da Gama,1425.647875006304
2018,Basquete Cearense,1456.1134657110606
2018,Joinville / AABJ,1362.059307327416
2018,Flamengo,1703.6745222251056
2018,Mogi,1652.877878646829
2018,Flamengo,1713.8593647264613
2018,Pinheiros,1616.1062416351785
2018,Botafogo,1413.4410279797235
2018,São José,1497.9203604395743
2018,Botafogo,1407.4477548668253
2018,Basquete Cearense,1444.6447952409444
2018,Corinthians,1486.4952321203964
2018,Minas,1464.5561820402443
2018,Paulistano,1677.8024617184167
2018,Brasília,1495.169864845541
2018,Corinthians,1479.347488609189
2018,Flamengo,1721.0006766896909
2018,Paulistano,1670.6611497551871
2018,Franca,1691.0094662491445
2018,Bauru,1553.8422271633035
2018,São José,1489.1946432892514
2018,Pinheiros,1624.8319587855015
2018,Vasco da Gama,1414.9405393299744
2018,Minas,1475.263517716574
2018,Brasília,1482.5534117971936
2018,Basquete Cearense,1457.2612482892919
2018,Flamengo,1727.9691814569592
2018,Franca,1684.0409614818761
2018,Franca,1687.794954032519
2018,Brasília,1478.7994192465508
2018,Mogi,1655.521348755104
2018,Vasco da Gama,1412.2970692216993
2018,Pinheiros,1627.7330179403032
2018,Joinville / AABJ,1359.1582481726143
2018,Basquete Cearense,1446.4551791033653
2018,São José,1500.000712475178
2018,Minas,1484.8948129296464
2018,Bauru,1544.210931950231
2018,Corinthians,1484.5260068933585
2018,Joinville / AABJ,1353.9797298884448
2018,Brasília,1487.4898127426366
2018,São José,1491.3103189790922
2018,Mogi,1645.7418365388312
2018,Paulistano,1680.44066197146
2018,Minas,1478.4740531715238
2018,Franca,1694.2157137906415
2018,Joinville / AABJ,1344.4709455626212
2018,Botafogo,1416.956539192649
2018,Botafogo,1424.57267279078
2018,Vasco da Gama,1404.6809356235683
2018,São José,1497.5243517891931
2018,Vasco da Gama,1398.4669028134674
2018,Basquete Cearense,1452.157508056302
2018,Joinville / AABJ,1338.7686166096844
2018,Paulistano,1683.2001651603493
2018,Vasco da Gama,1395.707399624578
2018,Bauru,1535.2160023043675
2018,Pinheiros,1636.7279475861667
2018,Brasília,1492.0112377081311
2018,Joinville / AABJ,1334.2471916441898
2018,Corinthians,1497.481747425204
2018,Mogi,1632.7860960069856
2018,Botafogo,1420.8174909175527
2018,Flamengo,1731.7243633301864
2018,Franca,1701.2270711240465
2018,Pinheiros,1629.7165902527618
2018,Franca,1705.1046838790812
2018,Corinthians,1493.6041346701693
2018,Botafogo,1431.2650635670882
2018,Minas,1468.0264805219883
2018,Vasco da Gama,1386.3350350552028
2018,Brasília,1501.3836022775065
2018,Bauru,1542.4401578464176
2018,Corinthians,1486.3799791281192
2018,Pinheiros,1637.7968877513176
2018,Mogi,1624.7057985084298
2018,Botafogo,1441.89925463173
2018,Brasília,1490.7494112128647
2018,Flamengo,1734.6120821190914
2018,Minas,1465.1387617330834
2018,Joinville / AABJ,1345.7472449049578
2018,São José,1486.024298528425
2018,Flamengo,1738.3228003230854
2018,Bauru,1538.7294396424236
2018,Basquete Cearense,1446.4950501702376
2018,Pinheiros,1643.459345637382
2018,São José,1475.9218394291952
2018,Bauru,1548.8318987416535
2018,Joinville / AABJ,1342.379631237234
2018,Paulistano,1686.5677788280732
2018,Mogi,1628.874923904225
2018,Botafogo,1437.7301292359348
2018,Vasco da Gama,1382.8185182792506
2018,Flamengo,1741.8393170990375
2018,São José,1470.1264791274696
2018,Franca,1710.9000441808068
2018,Brasília,1502.27565217497
2018,Pinheiros,1631.9331046752768
2018,Paulistano,1675.933817595907
2018,Franca,1721.534005412973
2018,São José,1458.7667989665495
2018,Corinthians,1497.7396592890393
2018,Paulistano,1663.0042877864248
2018,Bauru,1561.7614285511356
2018,Franca,1727.706933083946
2018,Mogi,1622.701996233252
2018,Bauru,1565.023913058662
2018,Joinville / AABJ,1339.1171467297077
2018,Corinthians,1503.2309004456695
2018,Vasco da Gama,1377.3272771226204
2018,Paulistano,1647.6839677515732
2018,Botafogo,1453.0504492707864
2018,Minas,1472.9130963148457
2018,Basquete Cearense,1438.7207155884753
2018,Flamengo,1745.2421803833402
2018,Brasília,1498.8727888906674
2018,Bauru,1554.5544107494768
2018,Mogi,1633.1714985424371
2018,Franca,1729.1382302486204
2018,Joinville / AABJ,1337.6858495650333
2018,Corinthians,1509.9172299457364
2018,Botafogo,1446.3641197707195
2018,Pinheiros,1635.0378234773166
2018,Vasco da Gama,1374.2225583205807
2018,Flamengo,1747.5286002208388
2018,Basquete Cearense,1436.4342957509766
2018,Minas,1462.4852922996133
2018,Brasília,1509.3005929058997
2018,São José,1452.459279686828
2018,Paulistano,1653.9914870312946
2018,Brasília,1517.520408973515
2018,Corinthians,1501.697413878121
2018,São José,1441.1735172015383
2018,Botafogo,1457.6498822560093
2018,Minas,1473.0202770554288
2018,Bauru,1544.0194259936613
2018,Corinthians,1509.9959412707622
2018,Brasília,1509.221881580874
2018,Basquete Cearense,1450.1790423931582
2018,Paulistano,1640.246740389113
2018,Botafogo,1464.9613424798058
2018,São José,1433.8620569777418
2018,Bauru,1550.192200580748
2018,Minas,1466.847502468342
2018,Corinthians,1518.1773123251824
2018,Brasília,1501.0405105264538
2018,Paulistano,1624.079179476129
2018,Basquete Cearense,1466.3466033061422
2018,Bauru,1556.7180305042693
2018,Minas,1460.3216725448208
2018,Botafogo,1478.550333795328
2018,Pinheiros,1621.4488321617944
2018,Corinthians,1512.3590438247404
2018,Flamengo,1753.3468687212808
2018,Basquete Cearense,1459.4838819170034
2018,Mogi,1640.034219931576
2018,Bauru,1549.7203985077358
2018,Franca,1736.135862245154
2018,Flamengo,1756.5384304889724
2018,Corinthians,1509.1674820570488
2018,Pinheiros,1626.1433055373298
2018,Botafogo,1473.8558604197926
2018,Mogi,1644.3825527208837
2018,Basquete Cearense,1455.1355491276956
2018,Flamengo,1759.709727182182
2018,Corinthians,1505.9961853638392
2018,Pinheiros,1631.0850497502786
2018,Botafogo,1468.9141162068438
2018,Mogi,1647.716703078743
2018,Basquete Cearense,1451.8013987698364
2018,Franca,1739.8389576332215
2018,Bauru,1546.0173031196682
2018,Franca,1743.8873402128418
2018,Bauru,1541.968920540048
2018,Botafogo,1482.2872471914254
2018,Pinheiros,1617.711918765697
2018,Pinheiros,1603.9079117962074
2018,Botafogo,1496.091254160915
2018,Botafogo,1491.9924129273218
2018,Flamengo,1763.8085684157752
2018,Mogi,1638.9532032067373
2018,Franca,1752.6508400848475
2018,Franca,1758.0813560514273
2018,Mogi,1633.5226872401574
2018,Flamengo,1766.434887797046
2018,Botafogo,1489.366093546051
2018,Franca,1763.1042025589968
2018,Mogi,1628.499840732588
2018,Flamengo,1750.4460836145277
2018,Botafogo,1505.3548977285693
2018,Botafogo,1500.024576968958
2018,Flamengo,1755.776404374139
2018,Flamengo,1764.555067937059
2018,Franca,1754.3255389960768
2018,Franca,1762.8124622599419
2018,Flamengo,1756.068144673194
2018,Franca,1770.5095829503896
2018,Flamengo,1748.3710239827462
2018,Flamengo,1757.5827291725432
2018,Franca,1761.2978777605927
2018,Franca,1749.6086471912818
2018,Flamengo,1769.271959741854
2020,VipTech CMB,1479.9646939335273
2020,Basquete Cearense,1471.836704836309
2020,Flamengo,1772.8254997584143
2020,Minas,1456.7681325282606
2020,UNIFACISA,1484.0571892947876
2020,VipTech CMB,1495.9075046387397
2020,Corinthians,1530.01352607898
2020,Franca,1725.591306476141
2020,Basquete Cearense,1465.6848541034985
2020,Flamengo,1778.9773504912248
2020,Minas,1472.115502345523
2020,Pato Basquete,1484.6526301827375
2020,Mogi,1608.9221903882287
2020,Bauru,1561.5465708844072
2020,VipTech CMB,1475.2616081902934
2020,Minas,1492.7613987939694
2020,São Paulo,1515.4711172179398
2020,Corinthians,1514.5424088610403
2020,Pato Basquete,1466.9485472368808
2020,Basquete Cearense,1483.3889370493553
2020,Brasília,1488.1645753880073
2020,Paulistano,1636.9551146145755
2020,Flamengo,1782.2984373993916
2020,UNIFACISA,1480.7361023866208
2020,Franca,1733.9120136939828
2020,Pinheiros,1595.5872045783656
2020,Cerrado Basquete,1492.22287898763
2020,Franca,1741.6891347063527
2020,Bauru,1571.8043343414756
2020,Brasília,1477.9068119309388
2020,Corinthians,1528.3288805412787
2020,Pinheiros,1581.800732898127
2020,VipTech CMB,1458.8850284832083
2020,Pato Basquete,1483.3251269439659
2020,UNIFACISA,1491.6096195685575
2020,Basquete Cearense,1472.5154198674186
2020,Mogi,1585.2581413180321
2020,São Paulo,1539.1351662881364
2020,Caxias do Sul Basquete,1501.5767774741248
2020,Brasília,1465.4607363046755
2020,Cerrado Basquete,1479.9547836669883
2020,Bauru,1584.0724296621174
2020,Paulistano,1643.8486628881346
2020,Corinthians,1521.4353322677196
2020,Pato Basquete,1495.9741694668357
2020,UNIFACISA,1478.9605770456876
2020,Basquete Cearense,1455.1381972224692
2020,Minas,1510.1386214389188
2020,Pinheiros,1560.7187337917733
2020,São Paulo,1560.2171653944902
2020,Franca,1748.513437502264
2020,Mogi,1578.4338385221208
2020,Paulistano,1650.3918843226008
2020,Cerrado Basquete,1473.411562232522
2020,Bauru,1593.855026652696
2020,Caxias do Sul Basquete,1491.7941804835461
2020,Flamengo,1785.3908026159306
2020,VipTech CMB,1455.7926632666693
2020,São Paulo,1551.0024005240634
2020,Franca,1757.7282023726907
2020,Minas,1521.172711595675
2020,UNIFACISA,1467.9264868889313
2020,Brasília,1481.1518921415047
2020,Pinheiros,1545.027577954944
2020,Caxias do Sul Basquete,1480.0464256257355
2020,Paulistano,1662.1396391804115
2020,Flamengo,1789.324495388942
2020,Pato Basquete,1492.0404766938243
2020,Brasília,1464.773228437184
2020,Corinthians,1537.8139959720404
2020,Mogi,1586.3823735765286
2020,Cerrado Basquete,1465.4630271781143
2020,Cerrado Basquete,1477.394730293261
2020,Caxias do Sul Basquete,1468.1147225105888
2020,Corinthians,1523.0952994248755
2020,Mogi,1601.1010701236935
2020,Cerrado Basquete,1459.8339913019124
2020,UNIFACISA,1485.48722588028
2020,Basquete Cearense,1467.6621435796912
2020,Caxias do Sul Basquete,1455.5907761533667
2020,Minas,1530.6503141280418
2020,Brasília,1455.2956259048171
2020,Pato Basquete,1484.4834084788072
2020,Franca,1765.2852705877078
2020,Pinheiros,1536.4882103918756
2020,Flamengo,1797.8638629520105
2020,São Paulo,1559.9415627596843
2020,VipTech CMB,1446.8535010310484
2020,Caxias do Sul Basquete,1439.770517794877
2020,Minas,1546.4705724865316
2020,UNIFACISA,1497.2588026237713
2020,Brasília,1443.5240491613258
2020,Paulistano,1671.7635150887093
2020,Mogi,1591.4771942153957
2020,Cerrado Basquete,1444.8964183538315
2020,Basquete Cearense,1482.5997165277722
2020,VipTech CMB,1463.554440677958
2020,Pinheiros,1519.787270744966
2020,Pato Basquete,1470.3012249158494
2020,São Paulo,1574.123746322642
2020,Flamengo,1810.095475294701
2020,Franca,1753.0536582450175
2020,Bauru,1603.8462129852408
2020,Corinthians,1513.1041130923309
2020,Basquete Cearense,1493.193794437271
2020,Brasília,1432.929971251827
2020,Minas,1555.5235427390676
2020,Cerrado Basquete,1435.8434481012955
2020,Caxias do Sul Basquete,1423.367071288402
2020,UNIFACISA,1513.6622491302462
2020,Pinheiros,1529.9792348600115
2020,Pato Basquete,1460.109260800804
2020,Franca,1756.9990876303768
2020,VipTech CMB,1459.6090112925986
2020,Bauru,1620.1402183034395
2020,Paulistano,1655.4695097705105
2020,São Paulo,1596.531949786098
2020,Flamengo,1787.687271831245
2020,UNIFACISA,1526.9013467335778
2020,Corinthians,1499.8650154889992
2020,Pato Basquete,1476.17010361351
2020,Bauru,1604.0793754907334
2020,Flamengo,1795.8493567404955
2020,Paulistano,1647.30742486126
2020,Mogi,1600.9707198857732
2020,UNIFACISA,1517.4078210632003
2020,Pinheiros,1537.9976507303759
2020,Caxias do Sul Basquete,1415.3486554180377
2020,Brasília,1421.3973237172183
2020,São Paulo,1608.0645973207068
2020,Bauru,1594.0142348551674
2020,Flamengo,1805.9144973760615
2020,Paulistano,1653.3581899743058
2020,Pato Basquete,1470.1193385004642
2020,Franca,1732.720018933785
2020,Brasília,1445.6763924138102
2020,Pinheiros,1545.5526885288757
2020,Cerrado Basquete,1428.2884103027957
2020,Caxias do Sul Basquete,1405.1795671199516
2020,São Paulo,1618.2336856187928
2020,Basquete Cearense,1481.6382238039937
2020,Mogi,1612.5262905190505
2020,Minas,1563.6701391026795
2020,Corinthians,1491.7184191253873
2020,Franca,1735.316984659951
2020,Caxias do Sul Basquete,1402.5826013937856
2020,VipTech CMB,1447.4643565049898
2020,Bauru,1606.158889642776
2020,São Paulo,1623.8577991042798
2020,Cerrado Basquete,1422.6642968173087
2020,Corinthians,1477.330235739544
2020,Basquete Cearense,1496.026407189837
2020,Mogi,1593.9521533603297
2020,Minas,1582.2442762614003
2020,Paulistano,1657.9837135746302
2020,VipTech CMB,1442.8388329046654
2020,Brasília,1440.7114625049792
2020,Flamengo,1810.8794272848925
2020,UNIFACISA,1538.0369505022875
2020,Franca,1714.6878552208639
2020,Minas,1595.2334714006429
2020,São Paulo,1610.8686039650372
2020,Basquete Cearense,1511.3286954898126
2020,Pinheiros,1530.2504002289002
2020,Brasília,1425.2099653719388
2020,Pato Basquete,1485.6208356335046
2020,Cerrado Basquete,1418.4621314357594
2020,Flamengo,1815.0815926664418
2020,Caxias do Sul Basquete,1385.6743447280678
2020,VipTech CMB,1459.7470895703832
2020,Pinheiros,1515.794074805277
2020,Minas,1609.689796824266
2020,Franca,1720.3693937939572
2020,Basquete Cearense,1505.6471569167193
2020,São Paulo,1620.5710505537959
2020,UNIFACISA,1528.3345039135288
2020,Pato Basquete,1495.4564068936024
2020,Cerrado Basquete,1408.6265601756616
2020,VipTech CMB,1471.2718727627407
2020,Brasília,1413.6851821795813
2020,Flamengo,1816.6285328649378
2020,Caxias do Sul Basquete,1384.1274045295718
2020,UNIFACISA,1509.9185537925048
2020,Pinheiros,1534.210024926301
2020,Minas,1626.256330765268
2020,Franca,1703.8028598529552
2020,Basquete Cearense,1522.386441726573
2020,São Paulo,1603.8317657439422
2020,Flamengo,1822.0595474296424
2020,Mogi,1588.5211387956251
2020,Paulistano,1670.4534029145773
2020,Franca,1691.333170513008
2020,Bauru,1618.6140112023597
2020,São Paulo,1591.3766441843586
2020,Mogi,1598.2448488205448
2020,Pinheiros,1524.4863149013813
2020,Corinthians,1503.2897413274304
2020,Flamengo,1796.100041841756
2020,Franca,1671.5889209290253
2020,Bauru,1638.3582607863425
2020,São Paulo,1607.726853491113
2020,Paulistano,1654.103193607823
2020,VipTech CMB,1488.2352312130472
2020,Mogi,1581.2814903702383
2020,Pato Basquete,1479.3699940505915
2020,Corinthians,1519.3761541704414
2020,Bauru,1620.2893012777645
2020,Minas,1644.3252902738461
2020,Paulistano,1661.0769866524588
2020,Basquete Cearense,1515.412648681937
2020,Cerrado Basquete,1421.504081952691
2020,Brasília,1400.8076604025518
2020,Mogi,1590.0958502288038
2020,Pato Basquete,1470.555634192026
2020,Corinthians,1531.4476054576019
2020,VipTech CMB,1476.1637799258867
2020,Basquete Cearense,1532.5006335646037
2020,Bauru,1603.2013163950978
2020,Minas,1657.0038458552895
2020,Paulistano,1648.3984310710155
2020,Pato Basquete,1448.7444175389455
2020,Caxias do Sul Basquete,1405.9386211826522
2020,VipTech CMB,1456.8252493282994
2020,Cerrado Basquete,1440.8426125502783
2020,Brasília,1391.9735458974644
2020,Mogi,1598.9299647338912
2020,Bauru,1612.274632613034
2020,UNIFACISA,1500.8452375745685
2020,Paulistano,1656.7047787749702
2020,Pinheiros,1516.1799671974265
2020,Caxias do Sul Basquete,1397.0502896660764
2020,Mogi,1607.818296250467
2020,Cerrado Basquete,1428.6339843849153
2020,Corinthians,1543.656233622965
2020,UNIFACISA,1520.2280346900016
2020,Paulistano,1637.3219816595372
2020,Pinheiros,1504.1808823789306
2020,Bauru,1624.27371743153
2020,Corinthians,1521.8075829930012
2020,Caxias do Sul Basquete,1418.89894029604
2020,São Paulo,1613.1232905722636
2020,Caxias do Sul Basquete,1413.5025032148894
2020,Bauru,1601.724686523502
2020,Pinheiros,1526.7299132869587
2020,Franca,1677.7492236934077
2020,Corinthians,1515.647280228619
2020,Pato Basquete,1459.6451519894613
2020,Brasília,1381.0728114469487
2020,VipTech CMB,1441.584682650378
2020,UNIFACISA,1535.468601367923
2020,Cerrado Basquete,1420.1676271030944
2020,Minas,1665.4702031371103
2020,Flamengo,1799.6972489476
2020,Basquete Cearense,1528.9034264587597
2020,Caxias do Sul Basquete,1404.0155634785046
2020,Bauru,1611.2116262598868
2020,Pinheiros,1543.0597533757643
2020,Franca,1661.419383604602
2020,São Paulo,1626.342389390168
2020,Mogi,1594.5991974325627
2020,Basquete Cearense,1510.7569582318433
2020,Pato Basquete,1477.7916202163776
2020,Cerrado Basquete,1434.2004397681528
2020,VipTech CMB,1427.5518699853196
2020,Brasília,1374.0734757602072
2020,Minas,1672.4695388238517
2020,UNIFACISA,1529.336812987277
2020,Flamengo,1805.829037328246
2020,Paulistano,1641.8363823217721
2020,Caxias do Sul Basquete,1399.5011628162697
2020,Corinthians,1532.1773760545275
2020,Bauru,1594.6815304339782
2020,Pinheiros,1529.0115710869457
2020,Mogi,1608.6473797213814
2020,Flamengo,1807.7339205878077
2020,Brasília,1372.1685925006454
2020,Cerrado Basquete,1446.153832966214
2020,Pato Basquete,1465.8382270183165
2020,UNIFACISA,1517.650290795033
2020,Minas,1684.1560610160957
2020,Corinthians,1521.0229170315245
2020,Paulistano,1652.9908413447752
2020,Mogi,1590.4337536910157
2020,Corinthians,1539.2365430618902
2020,Franca,1641.0653007990918
2020,São Paulo,1646.696472195678
2020,Paulistano,1662.3996400314013
2020,Bauru,1585.272731747352
2020,Brasília,1360.1962402380211
2020,UNIFACISA,1529.6226430576573
2020,Basquete Cearense,1520.4931927165949
2020,Cerrado Basquete,1436.4175984814624
2020,Mogi,1596.2138403827944
2020,Caxias do Sul Basquete,1393.721076124491
2020,Pinheiros,1510.1219638623954
2020,Corinthians,1558.1261502864404
2020,Franca,1654.1064382295788
2020,Paulistano,1649.3585026009143
2020,São Paulo,1656.4363226777834
2020,Bauru,1575.5328812652467
2020,Pato Basquete,1475.7731499621827
2020,VipTech CMB,1417.6169470414534
2020,UNIFACISA,1507.6988306844905
2020,Cerrado Basquete,1458.3414108546292
2020,Minas,1673.5087519864978
2020,Flamengo,1818.3812296174056
2020,Brasília,1380.6909192502421
2020,Basquete Cearense,1499.9985137043739
2020,Bauru,1589.9796212817955
2020,Franca,1639.65969821303
2020,São Paulo,1664.0699059714723
2020,Pinheiros,1502.4883805687066
2020,Caxias do Sul Basquete,1409.9269418632512
2020,Corinthians,1541.9202845476802
2020,Basquete Cearense,1482.443982646143
2020,UNIFACISA,1525.2533617427214
2020,Brasília,1366.0808550263419
2020,Cerrado Basquete,1472.9514750785295
2020,Pato Basquete,1470.4393343666848
2020,Flamengo,1823.7150452129035
2020,Minas,1677.9947244269697
2020,VipTech CMB,1413.1309746009815
2020,Caxias do Sul Basquete,1424.5622950249171
2020,Pinheiros,1487.8530274070406
2020,Paulistano,1632.7907754456626
2020,São Paulo,1680.637633126724
2020,Mogi,1610.7594235175259
2020,Franca,1625.1141150782985
2020,VipTech CMB,1409.39313656729
2020,Flamengo,1827.452883246595
2020,Pato Basquete,1461.0377795690745
2020,Minas,1687.39627922458
2020,UNIFACISA,1533.203618421206
2020,Caxias do Sul Basquete,1416.6120383464324
2020,Pinheiros,1462.824995308662
2020,Brasília,1391.1088871247205
2020,Cerrado Basquete,1461.8404502777971
2020,Mogi,1621.8704483182582
2020,Franca,1632.37757044496
2020,Pato Basquete,1453.774324202413
2020,São Paulo,1665.6609494842273
2020,Minas,1702.3729628670767
2020,Paulistano,1623.0146093935134
2020,Flamengo,1837.2290492987443
2020,Brasília,1373.388077935172
2020,Caxias do Sul Basquete,1434.3328475359808
2020,Pinheiros,1447.7878748527125
2020,UNIFACISA,1548.2407388771555
2020,Corinthians,1551.874755702974
2020,Cerrado Basquete,1451.8859791225034
2020,Mogi,1599.096135014046
2020,Basquete Cearense,1505.2182959503552
2020,Bauru,1598.2496650540234
2020,Pato Basquete,1445.5042804301852
2020,VipTech CMB,1400.8194685158367
2020,Paulistano,1631.5882774449667
2020,Flamengo,1843.877433020281
2020,São Paulo,1659.0125657626907
2020,Franca,1618.5374163712152
2020,Minas,1716.2131169408215
2020,Caxias do Sul Basquete,1446.0903264092037
2020,Cerrado Basquete,1440.1285002492805
2020,Corinthians,1558.4786961412667
2020,Brasília,1366.7841374968793
2020,UNIFACISA,1563.6806135551396
2020,Mogi,1583.656260336062
2020,Pinheiros,1430.73410465722
2020,Basquete Cearense,1522.2720661458477
2020,São Paulo,1638.2268632401442
2020,Pato Basquete,1466.2899829527316
2020,Paulistano,1645.5081255145167
2020,Minas,1702.2932688712715
2020,Bauru,1603.9049274247163
2020,VipTech CMB,1395.1642061451437
2020,Franca,1611.0814288957367
2020,Flamengo,1851.3334204957594
2020,Caxias do Sul Basquete,1434.1287516604318
2020,Basquete Cearense,1534.2336408946196
2020,VipTech CMB,1385.4350572963044
2020,Franca,1620.810577744576
2020,Flamengo,1855.409648129023
2020,Bauru,1599.8286997914527
2020,Basquete Cearense,1518.5223142678565
2020,Corinthians,1574.1900227680298
2020,Mogi,1569.2628010012368
2020,Paulistano,1659.9015848493418
2020,São Paulo,1642.6016367021896
2020,Brasília,1362.409364034834
2020,Pato Basquete,1475.4694818793023
2020,Pinheiros,1421.5546057306494
2020,Mogi,1575.4870646498127
2020,VipTech CMB,1379.2107936477285
2020,Paulistano,1668.9779666303239
2020,UNIFACISA,1554.6042317741576
2020,Minas,1705.8960366168299
2020,Caxias do Sul Basquete,1430.5259839148734
2020,Brasília,1353.6922308688463
2020,Bauru,1608.5458329574403
2020,São Paulo,1650.902049994578
2020,Basquete Cearense,1510.221900975468
2020,VipTech CMB,1363.126308718085
2020,Caxias do Sul Basquete,1446.6104688445168
2020,Minas,1712.909328239596
2020,Mogi,1568.4737730270465
2020,Corinthians,1582.6871178883803
2020,Pato Basquete,1466.9723867589519
2020,Flamengo,1857.2509506252213
2020,Pinheiros,1419.7133032344511
2020,Brasília,1346.34441358837
2020,Franca,1628.1583950250524
2020,UNIFACISA,1541.037671428288
2020,São Paulo,1664.4686103404476
2020,Mogi,1561.8803821060394
2020,Flamengo,1863.8443415462284
2020,Corinthians,1601.1475685728817
2020,Minas,1694.4488775550947
2020,Franca,1636.8431968343127
2020,UNIFACISA,1532.3528696190276
2020,Flamengo,1867.9995004919838
2020,Corinthians,1596.9924096271263
2020,Minas,1700.8804264622436
2020,Basquete Cearense,1503.7903520683192
2020,Cerrado Basquete,1432.1574379753329
2020,São Paulo,1672.4396726143952
2020,Pato Basquete,1456.7111605980547
2020,Paulistano,1679.239192791221
2020,Caxias do Sul Basquete,1465.9650734934667
2020,Franca,1617.488592185363
2020,Brasília,1359.4881025677773
2020,VipTech CMB,1349.9826197386776
2020,Corinthians,1583.1647716781897
2020,São Paulo,1686.2673105633319
2020,Bauru,1615.5513387394687
2020,Basquete Cearense,1496.7848462862908
2020,Minas,1704.9584525097423
2020,Pinheiros,1415.6352771869524
2020,Pato Basquete,1473.8116852356168
2020,Mogi,1544.7798574684773
2020,Franca,1623.4718677617825
2020,Cerrado Basquete,1426.1741623989133
2020,Paulistano,1682.0098259954311
2020,Brasília,1356.7174693635673
2020,Corinthians,1593.8822432177014
2020,UNIFACISA,1521.6353980795159
2020,Caxias do Sul Basquete,1462.061773128547
2020,Flamengo,1871.9028008569035
2020,VipTech CMB,1344.4674802250997
2020,São Paulo,1691.7824500769098
2020,Basquete Cearense,1515.3428838463433
2020,Franca,1604.91383020173
2020,Minas,1712.6889686797688
2020,Bauru,1607.8208225694423
2020,Caxias do Sul Basquete,1447.2679166651758
2020,Pato Basquete,1488.605541698988
2020,Pinheiros,1408.101061822997
2020,Paulistano,1689.5440413593865
2020,Flamengo,1873.60945192617
2020,Cerrado Basquete,1424.4675113296466
2020,Mogi,1550.9691836650331
2020,Brasília,1350.5281431670114
2020,UNIFACISA,1507.1235494129826
2020,Bauru,1622.3326712359756
2020,VipTech CMB,1336.7837504294541
2020,Corinthians,1601.565973013347
2020,Cerrado Basquete,1406.6280380291762
2020,Pinheiros,1425.9405351234675
2020,UNIFACISA,1519.5143474873341
2020,Pato Basquete,1476.2147436246364
2020,Bauru,1602.1318013765656
2020,Mogi,1571.1700535244431
2020,Basquete Cearense,1495.3227013850633
2020,VipTech CMB,1356.8039328907341
2020,Cerrado Basquete,1400.2625667520142
2020,Paulistano,1695.9095126365485
2020,Pinheiros,1435.5067958683958
2020,VipTech CMB,1347.2376721458058
2020,Bauru,1607.6702550008797
2020,Cerrado Basquete,1394.7241131277
2020,Basquete Cearense,1486.6974872885849
2020,Paulistano,1704.534726733027
2020,Caxias do Sul Basquete,1436.485868703676
2020,Bauru,1618.4523029623795
2020,UNIFACISA,1504.6962887091295
2020,Mogi,1585.9881123026478
2020,Basquete Cearense,1473.4727785173345
2020,Franca,1618.1385389729803
2020,Pato Basquete,1462.8135471327337
2020,Corinthians,1614.9671695052498
2020,Bauru,1623.4441356028065
2020,Caxias do Sul Basquete,1431.494036063249
2020,Mogi,1565.0055328788521
2020,UNIFACISA,1525.6788681329251
2020,Corinthians,1621.3432110978706
2020,Pato Basquete,1456.4375055401129
2020,Franca,1625.7816233882352
2020,Basquete Cearense,1465.8296941020797
2020,Mogi,1575.716440573889
2020,UNIFACISA,1514.9679604378882
2020,Mogi,1569.0269047759034
2020,Flamengo,1880.2989877241557
2020,Bauru,1609.0973807704374
2020,Paulistano,1718.881481565396
2020,Corinthians,1607.3072832489818
2020,São Paulo,1705.8183779257986
2020,Franca,1612.6330215779121
2020,Minas,1725.8375704900918
2020,Paulistano,1697.0839842453515
2020,Bauru,1630.8948780904818
2020,Flamengo,1883.464950540628
2020,Mogi,1565.860941959431
2020,São Paulo,1714.495115531861
2020,Corinthians,1598.6305456429193
2020,Minas,1703.9232515393162
2020,Franca,1634.5473405286878
2020,Paulistano,1707.1186401646783
2020,Bauru,1620.860222171155
2020,Minas,1714.4101716571104
2020,Franca,1624.0604204108936
2020,Minas,1695.8452629563328
2020,São Paulo,1733.0600242326386
2020,Flamengo,1890.072181357469
2020,Paulistano,1700.5114093478373
2020,São Paulo,1743.2418595043732
2020,Minas,1685.6634276845982
2020,Paulistano,1691.341973751446
2020,Flamengo,1899.2416169538603
2020,Paulistano,1682.2821929389545
2020,Flamengo,1908.3013977663518
2020,São Paulo,1751.6966897255484
2020,Minas,1677.208597463423
2020,Flamengo,1914.2773936471397
2020,São Paulo,1745.7206938447605
2020,São Paulo,1736.97231544345
2020,Flamengo,1923.02577204845
2020,São Paulo,1727.405067552576
2020,Flamengo,1932.5930199393242
2021,São Paulo,1717.5546004612154
2021,Flamengo,1942.4434870306848
2021,União Corinthians,1489.2982145779813
2021,Minas,1687.9103828854418
2021,Bauru,1603.26358734633
2021,Franca,1641.6570552357186
2021,São Paulo,1694.139372097685
2021,Cerrado Basquete,1418.1393414912304
2021,Pinheiros,1450.845476807552
2021,Rio Claro,1484.6613190608439
2021,Basquete Cearense,1452.8921639718433
2021,UNIFACISA,1527.9054905681246
2021,Caxias do Sul Basquete,1424.3355676133272
2021,Minas,1695.0688513353637
2021,União Corinthians,1486.4445966996157
2021,Flamengo,1945.2971049090504
2021,Pato Basquete,1445.3277681399677
2021,Corinthians,1609.7402830430644
2021,Mogi,1582.1146729895247
2021,Paulistano,1666.028461908861
2021,Pinheiros,1441.341620834795
2021,Franca,1651.1609112084755
2021,Bauru,1611.3107649670515
2021,Rio Claro,1476.6141414401225
2021,Caxias do Sul Basquete,1422.3108990833941
2021,Flamengo,1947.3217734389834
2021,São Paulo,1696.9816480350667
2021,Brasília,1347.6858672296298
2021,Mogi,1593.4945013694212
2021,Corinthians,1598.360454663168
2021,Pato Basquete,1436.5877706764074
2021,Paulistano,1674.7684593724211
2021,Rio Claro,1489.585448938026
2021,União Corinthians,1473.473289201712
2021,Paulistano,1683.5379001826375
2021,Corinthians,1589.5910138529516
2021,Cerrado Basquete,1431.4153359869883
2021,Pinheiros,1428.0656263390372
2021,Minas,1704.4818752954038
2021,Mogi,1584.081477409381
2021,Rio Claro,1472.0253923721143
2021,Caxias do Sul Basquete,1439.8709556493059
2021,Franca,1657.9880461368757
2021,União Corinthians,1466.6461542733118
2021,Flamengo,1948.5174070457122
2021,Pato Basquete,1435.3921370696787
2021,Basquete Cearense,1444.9697678376099
2021,São Paulo,1704.9040441693
2021,Brasília,1335.8754568812521
2021,Pinheiros,1439.8760366874149
2021,Cerrado Basquete,1422.0634910192164
2021,Bauru,1620.6626099348234
2021,Flamengo,1951.2140347610962
2021,Mogi,1581.384849693997
2021,Minas,1708.4755228644701
2021,Pato Basquete,1431.3984895006124
2021,Franca,1662.9704219745443
2021,Caxias do Sul Basquete,1434.8885798116373
2021,UNIFACISA,1517.589860951849
2021,São Paulo,1715.2196737855757
2021,Brasília,1329.3585736300874
2021,Bauru,1627.1794931859881
2021,Pinheiros,1453.4227553742162
2021,Basquete Cearense,1431.4230491508085
2021,União Corinthians,1450.4344227977388
2021,Cerrado Basquete,1438.2752224947894
2021,Corinthians,1585.5813619621906
2021,Flamengo,1955.2236866518572
2021,Caxias do Sul Basquete,1447.1862961968623
2021,Cerrado Basquete,1425.9775061095645
2021,Bauru,1633.0014286541016
2021,Basquete Cearense,1425.601113682695
2021,Pinheiros,1437.6827868682872
2021,UNIFACISA,1533.329829457778
2021,União Corinthians,1458.56812505757
2021,Brasília,1321.2248713702563
2021,Paulistano,1705.534492964317
2021,Flamengo,1933.2270938701777
2021,Corinthians,1572.628944954185
2021,Minas,1721.4279398724757
2021,Pato Basquete,1422.6465811346038
2021,Franca,1671.7223303405528
2021,Mogi,1588.8976077721036
2021,Rio Claro,1464.5126342940077
2021,Bauru,1641.9502000444697
2021,UNIFACISA,1524.3810580674099
2021,Caxias do Sul Basquete,1454.9849114822841
2021,Brasília,1313.4262560848344
2021,Paulistano,1686.9943352597475
2021,Minas,1739.9680975770452
2021,Mogi,1575.5824147042117
2021,Franca,1685.0375234084447
2021,Pato Basquete,1407.9165322186195
2021,Rio Claro,1479.242683209992
2021,São Paulo,1723.4641076688765
2021,Bauru,1633.7057661611689
2021,Basquete Cearense,1439.1386998900377
2021,Caxias do Sul Basquete,1441.4473252749415
2021,UNIFACISA,1533.521953431366
2021,União Corinthians,1449.4272296936138
2021,Rio Claro,1499.211996395213
2021,Paulistano,1667.0250220745265
2021,São Paulo,1727.2367385775792
2021,Pinheiros,1433.9101559595845
2021,Franca,1693.818406708355
2021,Corinthians,1563.8480616542747
2021,UNIFACISA,1511.2478157983355
2021,Caxias do Sul Basquete,1463.721462907972
2021,Basquete Cearense,1449.9012866775165
2021,União Corinthians,1438.664642906135
2021,Brasília,1334.7624008628138
2021,Mogi,1554.2462699262323
2021,Cerrado Basquete,1410.6598601627597
2021,Pato Basquete,1423.2341781654243
2021,Flamengo,1939.5311185061394
2021,Minas,1733.6640729410835
2021,Rio Claro,1484.1430512368956
2021,Corinthians,1578.917006812592
2021,Franca,1704.1762388418404
2021,Paulistano,1656.6671899410412
2021,Brasília,1320.274699578748
2021,Pato Basquete,1437.7218794494902
2021,Cerrado Basquete,1398.9921758277183
2021,Mogi,1565.9139542612738
2021,Pato Basquete,1449.275799284424
2021,Basquete Cearense,1438.3473668425827
2021,Paulistano,1660.1396482010366
2021,Cerrado Basquete,1395.5197175677229
2021,Mogi,1546.1356617610988
2021,UNIFACISA,1531.0261082985105
2021,Corinthians,1583.0054858672236
2021,Brasília,1316.1862205241164
2021,Bauru,1638.832484445805
2021,Pinheiros,1428.7834376749483
2021,Minas,1713.5510068259077
2021,Franca,1724.2893049570162
2021,Flamengo,1941.1254218020927
2021,Rio Claro,1482.5487479409423
2021,União Corinthians,1460.741986079717
2021,São Paulo,1705.1593954039972
2021,Corinthians,1558.823529915987
2021,Cerrado Basquete,1419.7016735189595
2021,Paulistano,1636.4548367346322
2021,Brasília,1339.8710319905208
2021,Mogi,1554.114890252007
2021,Basquete Cearense,1430.3681383516746
2021,Pato Basquete,1435.079685210147
2021,UNIFACISA,1545.2222223727874
2021,Flamengo,1915.1944296115933
2021,Franca,1750.2202971475156
2021,Minas,1718.7315073715292
2021,Rio Claro,1477.3682473953209
2021,Caxias do Sul Basquete,1455.9126408754512
2021,São Paulo,1712.968217436518
2021,Bauru,1645.4291606809172
2021,União Corinthians,1454.1453098446048
2021,Brasília,1338.4175374693136
2021,Flamengo,1916.6479241328004
2021,Pinheiros,1413.7755042179356
2021,Caxias do Sul Basquete,1470.920574332464
2021,Cerrado Basquete,1413.3727271120417
2021,Minas,1725.060453778447
2021,Franca,1754.0693764529879
2021,Rio Claro,1473.5191680898486
2021,Basquete Cearense,1449.0708283991473
2021,Paulistano,1617.7521466871594
2021,Brasília,1334.7116387435171
2021,Minas,1728.7663525042435
2021,Bauru,1651.468312962429
2021,Caxias do Sul Basquete,1464.881422050952
2021,Pinheiros,1428.9904060515782
2021,União Corinthians,1438.930408010962
2021,Basquete Cearense,1466.5157792073699
2021,Corinthians,1541.3785791077644
2021,UNIFACISA,1530.184577322136
2021,Paulistano,1632.789791737811
2021,Brasília,1320.5165288409075
2021,Cerrado Basquete,1427.5678370146513
2021,UNIFACISA,1543.3258705244407
2021,Corinthians,1528.2372859054597
2021,Pinheiros,1449.8669389553656
2021,Paulistano,1611.9132588340235
2021,Pato Basquete,1448.3760741146286
2021,Pinheiros,1436.570550050884
2021,São Paulo,1719.94214364709
2021,Mogi,1547.140964041435
2021,Caxias do Sul Basquete,1476.8337080516153
2021,União Corinthians,1426.9781220102989
2021,Rio Claro,1484.6851621686646
2021,Cerrado Basquete,1416.4018429358352
2021,Corinthians,1519.3039653127712
2021,São Paulo,1728.8754642397785
2021,Pato Basquete,1471.50136062028
2021,Bauru,1628.3430264567778
2021,Franca,1757.136871521233
2021,Cerrado Basquete,1413.3343478675902
2021,Minas,1733.1978231077971
2021,Basquete Cearense,1462.0843086038162
2021,Rio Claro,1491.6441317810852
2021,Brasília,1313.557559228487
2021,Flamengo,1919.077455825199
2021,UNIFACISA,1540.8963388320421
2021,Mogi,1534.5721249354533
2021,Bauru,1640.9118655627594
2021,Minas,1738.2742864025122
2021,UNIFACISA,1535.819875537327
2021,Flamengo,1920.608517975546
2021,Basquete Cearense,1460.5532464534692
2021,Franca,1758.66839877327
2021,Brasília,1312.02603197645
2021,Mogi,1512.0760427501016
2021,Pinheiros,1459.0666322362358
2021,Paulistano,1598.848212805181
2021,São Paulo,1741.940510268621
2021,União Corinthians,1443.3521997432767
2021,Mogi,1495.7019650171237
2021,Bauru,1648.324878789312
2021,Corinthians,1511.8909520862187
2021,Caxias do Sul Basquete,1489.3644437455139
2021,Pato Basquete,1458.9706249263813
2021,União Corinthians,1455.7917352577301
2021,Pato Basquete,1446.531089411928
2021,Cerrado Basquete,1411.112837537586
2021,Flamengo,1922.83002830555
2021,Caxias do Sul Basquete,1473.2191335829134
2021,Mogi,1511.8472751797242
2021,UNIFACISA,1528.1009415426333
2021,Franca,1766.3873327679637
2021,Basquete Cearense,1471.5570589553731
2021,Rio Claro,1480.6403192791813
2021,São Paulo,1753.1694626795384
2021,Minas,1727.0453339915948
2021,UNIFACISA,1536.5033776362272
2021,Rio Claro,1472.2378831855874
2021,Basquete Cearense,1464.5967887185627
2021,Franca,1773.347603004774
2021,Bauru,1631.9521965870588
2021,Paulistano,1615.2208950074341
2021,Pinheiros,1471.7981779256825
2021,Corinthians,1499.159406396772
2021,Franca,1784.172962146621
2021,São Paulo,1742.3441035376914
2021,Minas,1735.9198528955933
2021,Bauru,1623.0776776830603
2021,Brasília,1303.119714819024
2021,UNIFACISA,1545.4096947936532
2021,Cerrado Basquete,1397.1413747149045
2021,Basquete Cearense,1478.5682515412443
2021,Flamengo,1924.4118627780242
2021,Pinheiros,1470.2163434532083
2021,Paulistano,1621.954168760962
2021,União Corinthians,1449.0584615042023
2021,Rio Claro,1494.1887232707682
2021,São Paulo,1720.3932634525106
2021,Corinthians,1511.9538941205428
2021,Caxias do Sul Basquete,1460.4246458591426
2021,Mogi,1493.390304769357
2021,Pato Basquete,1464.988059822295
2021,Minas,1739.7683277151132
2021,Pinheiros,1466.3678686336884
2021,Flamengo,1928.1630639655523
2021,Bauru,1619.3264764955322
2021,Brasília,1322.2292087916285
2021,Basquete Cearense,1459.4587575686398
2021,Cerrado Basquete,1385.4966612795795
2021,UNIFACISA,1557.0544082289782
2021,Paulistano,1628.1775394589242
2021,Caxias do Sul Basquete,1454.2012751611803
2021,Corinthians,1521.9531495569508
2021,União Corinthians,1439.0592060677943
2021,São Paulo,1724.5478796071925
2021,Pato Basquete,1460.8334436676132
2021,Rio Claro,1504.5084551936443
2021,Pinheiros,1456.0481367108123
2021,Brasília,1318.8738607923792
2021,São Paulo,1727.9032276064418
2021,Corinthians,1534.097227653555
2021,Mogi,1481.246226672753
2021,Flamengo,1929.6365279290792
2021,Caxias do Sul Basquete,1452.7278111976534
2021,Paulistano,1606.5831576092028
2021,Pato Basquete,1482.4278255173347
2021,UNIFACISA,1566.4744154926832
2021,Basquete Cearense,1450.0387503049349
2021,Minas,1743.6058805432415
2021,Caxias do Sul Basquete,1448.890258369525
2021,Rio Claro,1492.1368665933358
2021,Bauru,1631.6980650958408
2021,Franca,1787.1905887581595
2021,Pinheiros,1453.030510099274
2021,Cerrado Basquete,1407.2216016457055
2021,São Paulo,1706.1782872403155
2021,Paulistano,1613.9919800218725
2021,Mogi,1473.8374042600833
2021,Corinthians,1517.0570664179736
2021,Pato Basquete,1499.467986752916
2021,Franca,1794.2318330278238
2021,Bauru,1624.6568208261765
2021,Minas,1747.0142547305618
2021,União Corinthians,1435.650831880474
2021,Pinheiros,1460.5583280245396
2021,Brasília,1311.3460428671135
2021,Caxias do Sul Basquete,1462.850243985634
2021,Rio Claro,1478.1768809772268
2021,Bauru,1628.0246696731322
2021,Brasília,1307.9781940201578
2021,Pinheiros,1471.4187173712282
2021,Cerrado Basquete,1396.3612122990169
2021,Pato Basquete,1496.4431893369099
2021,Flamengo,1932.6613253450853
2021,Caxias do Sul Basquete,1457.442301996158
2021,Franca,1799.6397750172998
2021,União Corinthians,1449.747095970278
2021,Rio Claro,1464.0806168874228
2021,Corinthians,1533.6456948413877
2021,Paulistano,1597.4033515984584
2021,Bauru,1632.5058551956815
2021,Cerrado Basquete,1391.8800267764675
2021,Mogi,1470.76400717665
2021,Flamengo,1935.7347224285186
2021,São Paulo,1713.8076142039024
2021,UNIFACISA,1558.8450885290963
2021,União Corinthians,1472.8257688023148
2021,Franca,1776.561102185263
2021,Pato Basquete,1488.1649890251065
2021,Minas,1755.2924550423652
2021,São Paulo,1717.8739256294818
2021,Basquete Cearense,1445.9724388793554
2021,Brasília,1298.5936196732275
2021,Caxias do Sul Basquete,1466.8268763430883
2021,Mogi,1464.9970659869387
2021,Minas,1761.0593962320766
2021,UNIFACISA,1566.6376837709297
2021,Pinheiros,1463.6261221293948
2021,Brasília,1319.7574954975967
2021,União Corinthians,1451.6618929779456
2021,Cerrado Basquete,1408.4189311680861
2021,Caxias do Sul Basquete,1450.2879719514697
2021,Rio Claro,1477.9840109486142
2021,Pato Basquete,1474.261594963915
2021,UNIFACISA,1583.3360608731118
2021,Bauru,1615.8074780934994
2021,Basquete Cearense,1428.3769284629998
2021,Pinheiros,1481.2216325457505
2021,Cerrado Basquete,1391.7975807477037
2021,União Corinthians,1468.283243398328
2021,Minas,1765.355952535239
2021,Corinthians,1529.3491385382251
2021,Rio Claro,1490.6167370617657
2021,Mogi,1452.3643398737872
2021,Franca,1780.0482403715398
2021,Pato Basquete,1470.7744567776383
2021,Basquete Cearense,1445.9421030650217
2021,Bauru,1598.2423034914775
2021,Franca,1783.162853624822
2021,Mogi,1449.249726620505
2021,Minas,1772.4506503702028
2021,Paulistano,1590.3086537634947
2021,Pinheiros,1473.6510870141328
2021,São Paulo,1725.4444711610995
2021,Pato Basquete,1476.7250379630054
2021,Brasília,1313.8069143122295
2021,Corinthians,1539.655245318355
2021,Rio Claro,1480.310630281636
2021,Mogi,1460.03789648421
2021,Cerrado Basquete,1381.0094108839987
2021,Bauru,1616.8226333958253
2021,São Paulo,1706.8641412567517
2021,Caxias do Sul Basquete,1462.2689742586415
2021,Basquete Cearense,1433.9611007578499
2021,União Corinthians,1456.7240448869065
2021,UNIFACISA,1594.8952593845333
2021,Corinthians,1531.5578045632603
2021,Franca,1791.2602943799166
2021,Mogi,1467.1176994700977
2021,Brasília,1306.7271113263419
2021,Pato Basquete,1454.4355832623344
2021,Cerrado Basquete,1403.2988655846698
2021,Minas,1791.5794125063305
2021,Flamengo,1916.6059602923908
2021,Paulistano,1598.3217045751376
2021,Rio Claro,1472.297579469993
2021,Caxias do Sul Basquete,1449.6204162024333
2021,UNIFACISA,1607.5438174407416
2021,União Corinthians,1439.1423213417424
2021,Basquete Cearense,1451.5428243030137
2021,UNIFACISA,1614.6622579854227
2021,Mogi,1459.9992589254166
2021,São Paulo,1711.5241717315764
2021,Caxias do Sul Basquete,1444.9603857276086
2021,Flamengo,1917.619523206612
2021,Cerrado Basquete,1402.2853026704486
2021,Basquete Cearense,1434.971450209345
2021,Pato Basquete,1471.006957356003
2021,Franca,1803.5776747391096
2021,Minas,1779.2620321471375
2021,Paulistano,1581.2333688981457
2021,Bauru,1633.9109690728171
2021,UNIFACISA,1621.680594881869
2021,Pato Basquete,1463.9886204595568
2021,São Paulo,1715.736876275342
2021,União Corinthians,1434.929616797977
2021,Basquete Cearense,1447.990356662549
2021,Mogi,1446.9803524722126
2021,Franca,1819.7379102373777
2021,Flamengo,1901.459287708344
2021,Rio Claro,1467.0935245401486
2021,Minas,1784.466087076982
2021,Pinheiros,1463.5825552267536
2021,Bauru,1643.9795008601964
2021,Cerrado Basquete,1419.3394404691
2021,Corinthians,1514.5036667646089
2021,Rio Claro,1463.7699144492015
2021,Flamengo,1904.782897799291
2021,São Paulo,1723.0414422510273
2021,Paulistano,1573.9288029224604
2021,Brasília,1298.9455120586294
2021,Corinthians,1522.2852660323213
2021,Minas,1786.8022425953307
2021,Cerrado Basquete,1417.0032849507513
2021,Paulistano,1581.20590628085
2021,Basquete Cearense,1440.7132533041593
2021,Rio Claro,1458.7701290648622
2021,Franca,1824.737695621717
2021,Minas,1788.0626387686252
2021,Brasília,1297.6851158853349
2021,Pato Basquete,1475.5938425660509
2021,Mogi,1435.3751303657186
2021,Corinthians,1531.9151905737585
2021,Basquete Cearense,1431.083328762722
2021,Caxias do Sul Basquete,1428.7745251539084
2021,Pinheiros,1479.7684158004538
2021,Paulistano,1596.2425840312449
2021,UNIFACISA,1606.6439171314742
2021,União Corinthians,1426.5924109768016
2021,Bauru,1652.3167066813717
2021,Corinthians,1519.901253137638
2021,UNIFACISA,1618.6578545675948
2021,Caxias do Sul Basquete,1420.7770633330558
2021,Bauru,1660.3141685022242
2021,União Corinthians,1412.6087971019738
2021,Pinheiros,1493.7520296752816
2021,Paulistano,1617.995785248981
2021,Franca,1802.9844944039808
2021,Mogi,1428.6729076391916
2021,São Paulo,1729.7436649775543
2021,Flamengo,1907.9843749590257
2021,Paulistano,1614.7943080892464
2021,Flamengo,1909.957751767318
2021,Corinthians,1517.9278763293455
2021,Pato Basquete,1467.7073235758953
2021,São Paulo,1737.6301839677099
2021,Flamengo,1911.2916837181951
2021,União Corinthians,1411.2748651510967
2021,Bauru,1664.6273528305549
2021,Mogi,1424.359723310861
2021,Paulistano,1622.6907881583272
2021,Pinheiros,1485.8555496062008
2021,Cerrado Basquete,1402.006141533366
2021,Rio Claro,1473.7672724822476
2021,UNIFACISA,1638.4174844978425
2021,Minas,1768.3030088383775
2021,São Paulo,1742.9820870951723
2021,Corinthians,1512.575973201883
2021,Cerrado Basquete,1398.915915278158
2021,Franca,1806.0747206591886
2021,Brasília,1289.181933686854
2021,Rio Claro,1482.2704546807283
2021,Basquete Cearense,1426.0262655151446
2021,Minas,1773.360072085955
2021,UNIFACISA,1662.3808835575476
2021,Flamengo,1887.32828465849
2021,Brasília,1317.165122526948
2021,Franca,1778.0915318190948
2021,Basquete Cearense,1423.609229809895
2021,Flamengo,1889.7453203637397
2021,União Corinthians,1424.5377584214864
2021,Caxias do Sul Basquete,1407.5141700626662
2021,Minas,1753.2084867596523
2021,São Paulo,1763.133672421475
2021,Bauru,1670.1949322688088
2021,Pato Basquete,1462.1397441376414
2021,Flamengo,1897.3833448685477
2021,São Paulo,1755.495647916667
2021,Cerrado Basquete,1391.226524411198
2021,Paulistano,1630.3801790252874
2021,Pinheiros,1497.6084092138597
2021,Pato Basquete,1450.3868845299826
2021,Mogi,1436.8022252466335
2021,União Corinthians,1412.095256485714
2021,Brasília,1311.1764776460864
2021,Paulistano,1636.368823906149
2021,Corinthians,1495.9475868315535
2021,Pinheiros,1514.2367955841892
2021,Franca,1786.0080708065072
2021,UNIFACISA,1654.4643445701352
2021,Rio Claro,1492.8024002254558
2021,Basquete Cearense,1413.0772842651675
2021,Pato Basquete,1459.4749052121406
2021,União Corinthians,1403.007235803556
2021,Mogi,1448.826843211452
2021,Caxias do Sul Basquete,1395.4895520978478
2021,Rio Claro,1512.253887157905
2021,UNIFACISA,1635.012857637686
2021,Franca,1788.4891593017562
2021,Basquete Cearense,1410.5961957699185
2021,Pato Basquete,1439.5502108153653
2021,Caxias do Sul Basquete,1415.414246494623
2021,Cerrado Basquete,1372.2652178180094
2021,Brasília,1330.1377842392749
2021,Corinthians,1515.2704706604545
2021,Bauru,1650.8720484399078
2021,Pinheiros,1492.6130196197553
2021,Mogi,1470.4506191758858
2021,Bauru,1669.452837500105
2021,Minas,1734.627697699455
2021,União Corinthians,1394.5079122363502
2021,Paulistano,1644.8681474733546
2021,UNIFACISA,1606.7572984382361
2021,Brasília,1358.3933434387247
2021,São Paulo,1760.363401544541
2021,Rio Claro,1507.386133530031
2021,Basquete Cearense,1394.0121320776923
2021,Cerrado Basquete,1388.8492815102356
2021,Bauru,1661.0362939690606
2021,Flamengo,1905.7998883995922
2021,Pinheiros,1484.823359493762
2021,Minas,1742.4173578254483
2021,Caxias do Sul Basquete,1436.4314872082496
2021,Paulistano,1623.8509067597279
2021,União Corinthians,1381.334973105532
2021,Corinthians,1528.4434097912726
2021,UNIFACISA,1611.7977233110994
2021,Cerrado Basquete,1383.8088566373724
2021,Basquete Cearense,1405.184608004291
2021,Brasília,1347.220867512126
2021,São Paulo,1743.336236683948
2021,Franca,1805.516324162349
2021,Caxias do Sul Basquete,1423.7177774154243
2021,Corinthians,1541.157119584098
2021,Pinheiros,1511.9703660652492
2021,Flamengo,1878.652881828105
2021,Flamengo,1879.7139430577106
2021,Brasília,1346.1598062825203
2021,Caxias do Sul Basquete,1414.1120383826992
2021,UNIFACISA,1621.4034623438245
2021,Pato Basquete,1460.8335468821704
2021,Bauru,1639.7529579022555
2021,Rio Claro,1522.4804700110788
2021,Paulistano,1608.75657027868
2021,Corinthians,1524.891435676988
2021,Pinheiros,1528.236049972359
2021,UNIFACISA,1626.882128201402
2021,Caxias do Sul Basquete,1408.6333725251216
2021,Bauru,1645.8634023790532
2021,Pato Basquete,1454.7231024053726
2021,Pinheiros,1540.6482440891257
2021,Corinthians,1512.4792415602215
2021,Paulistano,1617.3381140902263
2021,Rio Claro,1513.8989261995325
2021,Bauru,1651.5232119315033
2021,Pato Basquete,1449.0632928529226
2021,Paulistano,1625.0382026403468
2021,Rio Claro,1506.198837649412
2021,Minas,1750.9578200613034
2021,UNIFACISA,1618.341665965547
2021,Franca,1809.4800922338716
2021,Pinheiros,1536.6844760176032
2021,São Paulo,1752.9266394812776
2021,Bauru,1641.9328091341738
2021,Flamengo,1883.7172438184298
2021,Paulistano,1621.0349018796276
2021,Pinheiros,1530.023858396383
2021,Franca,1816.1407098550917
2021,UNIFACISA,1636.6041783818046
2021,Minas,1732.695307645046
2021,Paulistano,1614.1629366090988
2021,Flamengo,1890.5892090889586
2021,Bauru,1628.1091207488419
2021,São Paulo,1766.7503278666095
2021,Pinheiros,1523.490482706041
2021,Franca,1822.6740855454339
2021,UNIFACISA,1624.604958796128
2021,Minas,1744.6945272307225
2021,Bauru,1615.842840310275
2021,São Paulo,1779.0166083051763
2021,Paulistano,1607.044332599663
2021,Flamengo,1897.7078130983944
2022,Minas,1733.415560142273
2022,Flamengo,1908.9867801868438
2022,UNIFACISA,1629.159720041906
2022,Cerrado Basquete,1379.2540953915943
2022,Rio Claro,1521.8371757529353
2022,Paulistano,1591.4059944961398
2022,Corinthians,1521.1722713104891
2022,São José,1425.169027227474
2022,Pato Basquete,1430.5100776498327
2022,São José,1443.722242430564
2022,UNIFACISA,1632.9124272277259
2022,Brasília,1342.4070990967004
2022,Basquete Cearense,1387.4803338088395
2022,Cerrado Basquete,1396.9583695870458
2022,Rio Claro,1513.8697749891285
2022,São Paulo,1786.9840090689831
2022,Pinheiros,1544.3672399580403
2022,Minas,1712.5388028902737
2022,Franca,1827.7355776338688
2022,Paulistano,1586.3445024077048
2022,Basquete Cearense,1367.5712149453032
2022,Brasília,1362.3162179602368
2022,Corinthians,1517.1530709658743
2022,Flamengo,1913.0059805314586
2022,Bauru,1602.4212673618138
2022,Minas,1725.960375838735
2022,Caxias do Sul Basquete,1418.7239349611664
2022,União Corinthians,1371.2444106694873
2022,Pato Basquete,1427.8646820286806
2022,Flamengo,1915.6513761526107
2022,Corinthians,1531.2300844008007
2022,Paulistano,1572.2674889727784
2022,Rio Claro,1508.033776225237
2022,Franca,1833.5715763977603
2022,Cerrado Basquete,1387.161648669264
2022,Pinheiros,1554.163960875822
2022,Paulistano,1579.0876909661774
2022,Pato Basquete,1421.0444800352816
2022,Minas,1714.7307763031938
2022,Franca,1844.8011759333015
2022,Brasília,1353.780353642037
2022,Pinheiros,1562.699825194022
2022,Flamengo,1916.5890117923834
2022,Basquete Cearense,1366.6335793055305
2022,Corinthians,1543.5196970107527
2022,Rio Claro,1495.744163615285
2022,Brasília,1345.7038642724885
2022,Bauru,1610.4977567313622
2022,Flamengo,1920.6590479472213
2022,UNIFACISA,1628.842391072888
2022,São José,1452.994168411185
2022,Basquete Cearense,1357.3616533249094
2022,São Paulo,1789.3379476672872
2022,Pato Basquete,1418.6905414369776
2022,Minas,1717.9831699692352
2022,Caxias do Sul Basquete,1415.471541295125
2022,Cerrado Basquete,1378.6558383966749
2022,Bauru,1619.0035670039513
2022,Franca,1855.2578322336058
2022,São Paulo,1778.8812913669829
2022,São José,1442.9253817282893
2022,UNIFACISA,1638.9111777557837
2022,Pato Basquete,1432.3281249965594
2022,Rio Claro,1482.1065800557033
2022,União Corinthians,1355.1068806903124
2022,Brasília,1361.8413942516634
2022,Bauru,1641.4249793290862
2022,Flamengo,1898.2376356220864
2022,São Paulo,1783.5279122448774
2022,Pinheiros,1558.0532043161274
2022,Basquete Cearense,1348.2115477086609
2022,Paulistano,1588.237796582426
2022,Pinheiros,1553.1199746349844
2022,Flamengo,1903.1708653032294
2022,Corinthians,1538.4298797419196
2022,Franca,1860.3476495024388
2022,União Corinthians,1368.6668354865194
2022,Cerrado Basquete,1365.095883600468
2022,Caxias do Sul Basquete,1425.733475482831
2022,Brasília,1351.5794600639574
2022,Bauru,1647.267245470138
2022,São José,1437.0831155872374
2022,UNIFACISA,1619.1014519378577
2022,Paulistano,1608.047522400352
2022,São Paulo,1787.7247131214353
2022,Corinthians,1534.2330788653617
2022,Caxias do Sul Basquete,1436.1244736584392
2022,Cerrado Basquete,1354.7048854248596
2022,Minas,1720.4505032780298
2022,União Corinthians,1366.1995021777248
2022,Pato Basquete,1428.8436226346405
2022,Franca,1863.8321518643577
2022,Rio Claro,1458.6044376490536
2022,Basquete Cearense,1371.7136901153106
2022,Paulistano,1587.5994772781175
2022,Pinheiros,1573.5680197572187
2022,Rio Claro,1479.4091185339428
2022,UNIFACISA,1598.2967710529686
2022,São Paulo,1794.8421771533142
2022,Bauru,1640.1497814382592
2022,São José,1448.6516711651454
2022,Caxias do Sul Basquete,1424.5559180805312
2022,Cerrado Basquete,1350.3012250326585
2022,Minas,1724.854163670231
2022,Franca,1865.0873008678998
2022,Basquete Cearense,1370.4585411117685
2022,Pato Basquete,1414.555716792837
2022,Corinthians,1548.520984707165
2022,Flamengo,1904.4757537584642
2022,Caxias do Sul Basquete,1423.2510296252965
2022,São José,1458.3937946445067
2022,União Corinthians,1356.4573786983635
2022,Paulistano,1600.697144406663
2022,Bauru,1627.0521143097137
2022,Brasília,1347.053275873872
2022,Minas,1729.3803478603163
2022,Franca,1869.1271197882454
2022,UNIFACISA,1594.256952132623
2022,Basquete Cearense,1385.7267000038826
2022,Pato Basquete,1399.287557900723
2022,Flamengo,1905.2964682430284
2022,União Corinthians,1355.6366642137993
2022,Pinheiros,1582.476436867777
2022,Rio Claro,1470.5007014233845
2022,Bauru,1619.2644567481832
2022,Franca,1876.914777349776
2022,Minas,1733.7878819666141
2022,São José,1453.9862605382089
2022,UNIFACISA,1599.8756261444544
2022,Pato Basquete,1393.6688838888915
2022,Caxias do Sul Basquete,1418.774822807314
2022,São Paulo,1799.3183839712967
2022,Basquete Cearense,1375.955609527806
2022,Corinthians,1558.2920751832416
2022,União Corinthians,1352.4446738999698
2022,São Paulo,1802.5103742851263
2022,Bauru,1627.0727199413834
2022,Rio Claro,1462.6924382301843
2022,UNIFACISA,1579.7216065930318
2022,Corinthians,1578.4460947346643
2022,Caxias do Sul Basquete,1436.6726203629996
2022,Paulistano,1582.7993468509774
2022,Pinheiros,1576.4353450847198
2022,Franca,1882.9558691328332
2022,Cerrado Basquete,1332.9937133793808
2022,Brasília,1364.3607875271498
2022,União Corinthians,1344.6708785981193
2022,Paulistano,1590.5731421528278
2022,Minas,1736.215928187228
2022,Basquete Cearense,1373.5275633071922
2022,Flamengo,1906.0713311156771
2022,Cerrado Basquete,1332.218850506732
2022,Pato Basquete,1415.0060096008508
2022,Pinheiros,1555.0982193727605
2022,Flamengo,1907.0505119385673
2022,Brasília,1363.3816067042596
2022,São José,1461.7020493458747
2022,Cerrado Basquete,1324.5030616990662
2022,Rio Claro,1444.4669470049848
2022,Caxias do Sul Basquete,1454.898111588199
2022,Franca,1883.9942107871677
2022,União Corinthians,1343.6325369437848
2022,Paulistano,1610.1632344583768
2022,Minas,1716.625835881679
2022,São José,1441.730221901159
2022,Brasília,1383.3534341489753
2022,Franca,1885.4117030498205
2022,Caxias do Sul Basquete,1453.4806193255463
2022,Corinthians,1590.8596644413271
2022,Pinheiros,1542.6846496660976
2022,Rio Claro,1423.7384082162553
2022,União Corinthians,1364.3610757325143
2022,São José,1439.0779361714033
2022,Flamengo,1909.702797668323
2022,Caxias do Sul Basquete,1434.1571351071364
2022,Pato Basquete,1434.3294938192607
2022,Minas,1720.4431695667713
2022,Rio Claro,1419.921074531163
2022,Caxias do Sul Basquete,1423.2275477276708
2022,Corinthians,1601.7892518207927
2022,União Corinthians,1350.115101034297
2022,Pato Basquete,1448.5754685174782
2022,Basquete Cearense,1370.0037399998278
2022,São Paulo,1806.0341975924907
2022,Pinheiros,1550.9137558859609
2022,São José,1430.84882995154
2022,União Corinthians,1343.1400236640604
2022,Corinthians,1608.7643291910292
2022,UNIFACISA,1571.487069269363
2022,São Paulo,1814.2687349161595
2022,Pinheiros,1557.3612012027027
2022,Basquete Cearense,1363.556294683086
2022,Cerrado Basquete,1317.9053443190728
2022,Paulistano,1616.7609518383701
2022,Bauru,1607.6990970931226
2022,UNIFACISA,1590.8606921176238
2022,Pinheiros,1571.6812323501852
2022,UNIFACISA,1576.5406609701413
2022,Cerrado Basquete,1344.675137277466
2022,São Paulo,1787.4989419577662
2022,Brasília,1375.2746521813142
2022,Paulistano,1624.8397338060313
2022,Bauru,1612.6025164787836
2022,Basquete Cearense,1358.652875297425
2022,Brasília,1371.907667138036
2022,São Paulo,1790.8659270010444
2022,Pato Basquete,1437.835793384742
2022,Bauru,1623.3421916115199
2022,UNIFACISA,1583.097113950089
2022,Caxias do Sul Basquete,1416.6710947477231
2022,Basquete Cearense,1340.2696798164516
2022,União Corinthians,1361.5232191450339
2022,Corinthians,1594.7334408012603
2022,Minas,1734.4740579565403
2022,Paulistano,1630.484173796612
2022,São José,1425.2043899609594
2022,São Paulo,1777.3120703035568
2022,Flamengo,1923.2566543658106
2022,Franca,1886.3962211665212
2022,Cerrado Basquete,1343.6906191607654
2022,Rio Claro,1403.0048980601778
2022,Brasília,1388.8238436090212
2022,Pato Basquete,1431.5154178236846
2022,Minas,1740.7944335175976
2022,UNIFACISA,1587.7194931728477
2022,União Corinthians,1356.900839922275
2022,Corinthians,1607.4719536970038
2022,Bauru,1610.6036787157764
2022,Basquete Cearense,1356.1268562865018
2022,Caxias do Sul Basquete,1400.8139182776729
2022,Paulistano,1624.56988454911
2022,Flamengo,1929.1709436133126
2022,Rio Claro,1411.9656043213322
2022,Cerrado Basquete,1334.729912899611
2022,Franca,1887.4827440238726
2022,Brasília,1387.7373207516698
2022,São Paulo,1780.1138585591264
2022,São José,1422.4026017053898
2022,Pinheiros,1584.2548503209648
2022,Bauru,1598.0300607449967
2022,São José,1419.7469717054398
2022,Franca,1890.1383740238225
2022,São Paulo,1791.5003040822996
2022,Minas,1729.4079879944243
2022,Flamengo,1930.3575230895651
2022,Rio Claro,1410.7790248450797
2022,Flamengo,1911.1468556759644
2022,Franca,1909.3490414374232
2022,São José,1433.1479913937992
2022,Rio Claro,1397.3780051567203
2022,Brasília,1402.4105208443514
2022,Pato Basquete,1416.842217731003
2022,Cerrado Basquete,1357.916293649057
2022,Corinthians,1584.2855729475577
2022,União Corinthians,1348.9395833539566
2022,Bauru,1605.9913173133152
2022,Basquete Cearense,1377.7561542390165
2022,UNIFACISA,1566.090195220333
2022,Caxias do Sul Basquete,1391.1494648359687
2022,Pinheiros,1593.919303762669
2022,São Paulo,1771.7563650525608
2022,Paulistano,1644.3138235788488
2022,Brasília,1392.2071816496618
2022,Corinthians,1594.4889121422473
2022,Cerrado Basquete,1345.3320557197355
2022,Pato Basquete,1429.4264556603246
2022,Minas,1734.8429792151358
2022,UNIFACISA,1560.6552039996216
2022,União Corinthians,1341.3289158829389
2022,Pinheiros,1601.5299712336866
2022,Caxias do Sul Basquete,1382.1968634215023
2022,Bauru,1614.9439187277817
2022,São Paulo,1761.3122070287598
2022,Franca,1919.7931994612243
2022,Flamengo,1912.459857373578
2022,Pato Basquete,1428.113453962711
2022,Paulistano,1637.9193771266048
2022,Franca,1926.1876459134683
2022,Brasília,1376.4633175053052
2022,Basquete Cearense,1393.5000183833731
2022,Minas,1742.1790717052227
2022,Bauru,1607.6078262376948
2022,São José,1446.4959035385493
2022,Pato Basquete,1414.7655418179609
2022,São Paulo,1763.8275666418222
2022,Rio Claro,1394.862645543658
2022,Flamengo,1915.359556077298
2022,Pinheiros,1598.6302725299665
2022,Brasília,1366.3507469960773
2022,UNIFACISA,1570.7677745088495
2022,Cerrado Basquete,1360.787380812839
2022,Basquete Cearense,1378.0446932902696
2022,Minas,1749.0249342921443
2022,Pinheiros,1591.784409943045
2022,São José,1464.5549752715626
2022,Corinthians,1576.429840409234
2022,Paulistano,1642.3815125843896
2022,Rio Claro,1390.400510085873
2022,Cerrado Basquete,1351.8882244874364
2022,UNIFACISA,1579.666930834252
2022,Pato Basquete,1409.7975922683738
2022,São Paulo,1768.7955161914092
2022,Pinheiros,1596.7692637830237
2022,Cerrado Basquete,1346.9033706474577
2022,Bauru,1611.509238326017
2022,Brasília,1362.449334907755
2022,Basquete Cearense,1363.3268865525497
2022,São José,1479.2727820092825
2022,União Corinthians,1327.6137744264986
2022,Caxias do Sul Basquete,1395.9120048779425
2022,Pato Basquete,1401.5433961147523
2022,Paulistano,1650.635708738011
2022,Corinthians,1566.7096262475532
2022,São Paulo,1778.51573035309
2022,Pinheiros,1601.470176895136
2022,Brasília,1357.7484217956426
2022,Bauru,1615.8507485517885
2022,Cerrado Basquete,1342.5618604216863
2022,UNIFACISA,1558.421507251098
2022,São José,1500.5182055924365
2022,Flamengo,1918.1975359402054
2022,Corinthians,1563.8716463846458
2022,Franca,1927.1997246179183
2022,Rio Claro,1389.388431381423
2022,Pinheiros,1591.3405702534574
2022,São Paulo,1788.6453369947687
2022,São José,1493.2095146180618
2022,Minas,1756.333625266519
2022,Cerrado Basquete,1327.8143415070954
2022,Caxias do Sul Basquete,1410.6595237925335
2022,Paulistano,1633.0850196411
2022,Corinthians,1581.422335481557
2022,Basquete Cearense,1361.501942403883
2022,Flamengo,1920.022480088872
2022,Franca,1928.1460462406455
2022,Pato Basquete,1400.597074492025
2022,Brasília,1342.4424119299028
2022,Caxias do Sul Basquete,1425.9655336582732
2022,UNIFACISA,1554.5266549822675
2022,Flamengo,1923.9173323577027
2022,Rio Claro,1401.8401285464472
2022,Pato Basquete,1388.145377327001
2022,Cerrado Basquete,1310.631495229388
2022,União Corinthians,1344.796620704206
2022,São José,1479.7525055228002
2022,Bauru,1629.30775764705
2022,São Paulo,1790.4267449884435
2022,Basquete Cearense,1359.7205344102083
2022,Brasília,1323.6662684302075
2022,União Corinthians,1363.5727642039012
2022,Paulistano,1636.4123200986587
2022,Basquete Cearense,1356.3932339526496
2022,São José,1494.6687149606626
2022,Pinheiros,1576.424360815595
2022,Pato Basquete,1401.8770125999204
2022,Caxias do Sul Basquete,1412.2338983853538
2022,Rio Claro,1391.1394675007286
2022,Corinthians,1592.1229965272755
2022,Paulistano,1646.082581678703
2022,UNIFACISA,1544.8563934022231
2022,Franca,1930.9571326450625
2022,Corinthians,1589.3119101228585
2022,Caxias do Sul Basquete,1438.6430374871716
2022,Minas,1729.9244861647012
2022,Bauru,1642.4511460188144
2022,Paulistano,1632.9391933069387
2022,União Corinthians,1359.5585311283787
2022,Minas,1733.9387192402237
2022,UNIFACISA,1541.303786059604
2022,Franca,1934.5097399876818
2022,Flamengo,1927.6700933894497
2022,Bauru,1638.6983849870674
2022,UNIFACISA,1547.851259145427
2022,Rio Claro,1384.5919944149055
2022,Pinheiros,1561.8086212643198
2022,Paulistano,1647.554932858214
2022,Basquete Cearense,1354.7803648573781
2022,Franca,1936.1226090829532
2022,Caxias do Sul Basquete,1451.8745526697064
2022,São José,1481.4371997781277
2022,Minas,1735.8580345557498
2022,Cerrado Basquete,1308.712179913862
2022,Corinthians,1595.6105737593718
2022,Pato Basquete,1395.578348963407
2022,Caxias do Sul Basquete,1449.3405828600278
2022,Flamengo,1930.2040631991283
2022,União Corinthians,1377.5229481700494
2022,São José,1463.472782736457
2022,Basquete Cearense,1337.1379397733185
2022,Rio Claro,1402.234419498965
2022,Minas,1737.9056135167953
2022,Brasília,1321.618689469162
2022,São Paulo,1763.1975913206995
2022,UNIFACISA,1575.080412813171
2022,Franca,1939.445982370765
2022,Bauru,1635.3750116992555
2022,União Corinthians,1401.2237138999592
2022,Flamengo,1906.5032974692185
2022,Flamengo,1911.8099969558443
2022,Minas,1732.5989140301695
2022,Franca,1941.830626379787
2022,Pinheiros,1559.4239772552978
2022,Bauru,1623.6938712027136
2022,São Paulo,1774.8787318172415
2022,Pato Basquete,1376.9824337265447
2022,Basquete Cearense,1355.7338550101808
2022,Corinthians,1579.6502015615945
2022,UNIFACISA,1591.0407850109484
2022,Brasília,1334.3608215096576
2022,Cerrado Basquete,1295.9700478733664
2022,Rio Claro,1390.758593329212
2022,Pinheiros,1570.8998034250508
2022,Corinthians,1558.6550019372585
2022,Basquete Cearense,1376.7290546345168
2022,São Paulo,1777.672515551664
2022,Caxias do Sul Basquete,1446.5467991256053
2022,Brasília,1322.9086291635924
2022,São José,1474.9249750825222
2022,Pato Basquete,1398.4318608779386
2022,UNIFACISA,1569.5913578595546
2022,Paulistano,1653.484737204181
2022,Caxias do Sul Basquete,1440.6169947796382
2022,Rio Claro,1413.5399602108348
2022,Bauru,1600.9125043210909
2022,Cerrado Basquete,1284.8605675534507
2022,São José,1486.034455402438
2022,São Paulo,1780.0995735600336
2022,União Corinthians,1398.7966558915896
2022,Pinheiros,1576.9139931413076
2022,Pato Basquete,1392.4176711616817
2022,Paulistano,1657.136648233648
2022,União Corinthians,1395.1447448621227
2022,Bauru,1611.8156010039718
2022,Corinthians,1547.7519052543776
2022,São Paulo,1781.6206928967372
2022,Brasília,1321.3875098268888
2022,UNIFACISA,1575.3196698834536
2022,Basquete Cearense,1371.0007426106179
2022,Caxias do Sul Basquete,1452.8260348134959
2022,Rio Claro,1401.330920176977
2022,Pinheiros,1588.0286529817672
2022,Corinthians,1536.637245413918
2022,Bauru,1617.1307894893362
2022,Pato Basquete,1387.1024826763173
2022,Paulistano,1659.5136268426795
2022,Cerrado Basquete,1282.4835889444191
2022,União Corinthians,1408.0706374973433
2022,Rio Claro,1388.4050275417567
2022,Minas,1747.2634484659443
2022,São Paulo,1766.9561584609623
2022,Cerrado Basquete,1281.2785817065028
2022,Flamengo,1913.0150041937607
2022,Franca,1946.9773732163005
2022,Minas,1742.1167016294307
2022,UNIFACISA,1558.1282860157564
2022,Pinheiros,1605.2200368494643
2022,Pato Basquete,1372.648141036699
2022,União Corinthians,1422.5249791369617
2022,Basquete Cearense,1390.367432727783
2022,Bauru,1597.7640993721711
2022,Brasília,1319.8977190403227
2022,Flamengo,1914.5047949803268
2022,São José,1476.280042752674
2022,Paulistano,1669.2680394924434
2022,Rio Claro,1383.4677948755343
2022,Minas,1747.053934295653
2022,UNIFACISA,1542.250098834791
2022,Bauru,1613.6422865531365
2022,Basquete Cearense,1381.352002438805
2022,Pinheiros,1614.2354671384423
2022,Corinthians,1544.0016850426518
2022,União Corinthians,1415.1605395082279
2022,Caxias do Sul Basquete,1450.489143347849
2022,Franca,1949.3142646819474
2022,União Corinthians,1413.520713080076
2022,Franca,1950.9540911100994
2022,Flamengo,1916.270310247559
2022,São José,1474.5145274854417
2022,Minas,1751.7419872199516
2022,Corinthians,1539.3136321183533
2022,Cerrado Basquete,1299.5322124096447
2022,Rio Claro,1365.2141641723924
2022,Bauru,1626.2208600521144
2022,Pinheiros,1601.6568936394644
2022,São José,1498.8995157087961
2022,São Paulo,1742.571170237608
2022,Brasília,1303.3708097327246
2022,Rio Claro,1381.7410734799905
2022,Caxias do Sul Basquete,1438.324690660571
2022,UNIFACISA,1554.4145515220691
2022,Minas,1724.5776764733407
2022,Pato Basquete,1399.8124517833098
2022,Flamengo,1922.4043457932032
2022,São Paulo,1736.4371346919638
2022,Franca,1952.5492582052716
2022,São José,1497.304348613624
2022,União Corinthians,1403.1973354873835
2022,UNIFACISA,1564.7379291147615
2022,Minas,1735.9074091330494
2022,Paulistano,1657.9383068327347
2022,Corinthians,1521.3382348398936
2022,Caxias do Sul Basquete,1456.3000879390306
2022,Brasília,1302.3549523910847
2022,Franca,1953.5651155469116
2022,Pinheiros,1608.4485093473202
2022,Caxias do Sul Basquete,1449.508472231175
2022,Flamengo,1926.5230339341701
2022,Paulistano,1653.8196186917678
2022,UNIFACISA,1584.3801461695407
2022,Minas,1716.2651920782703
2022,Cerrado Basquete,1298.470573929003
2022,Franca,1954.6267540275533
2022,Pato Basquete,1409.2377969985916
2022,Brasília,1292.9296071758029
2022,Pinheiros,1614.2427708696184
2022,União Corinthians,1397.4030739650852
2022,Basquete Cearense,1376.292690313787
2022,Minas,1721.3245042032881
2022,Rio Claro,1379.7808507892935
2022,Flamengo,1928.4832566248672
2022,Bauru,1632.7429027287703
2022,Caxias do Sul Basquete,1442.986429554519
2022,Bauru,1637.6853201392641
2022,União Corinthians,1392.4606565545914
2022,Pato Basquete,1417.1183034107617
2022,Cerrado Basquete,1290.590067516833
2022,Franca,1966.2782466276888
2022,Flamengo,1916.8317640247317
2022,Paulistano,1671.7608844194474
2022,São Paulo,1718.4958689642842
2022,Caxias do Sul Basquete,1422.55407085972
2022,Basquete Cearense,1396.725049008586
2022,Rio Claro,1367.0139123383053
2022,São José,1510.071287064612
2022,Paulistano,1674.255716185378
2022,Brasília,1290.4347754098721
2022,Corinthians,1526.1624013973953
2022,Cerrado Basquete,1285.7659009593312
2022,União Corinthians,1405.656979047014
2022,Basquete Cearense,1383.5287265161635
2022,Corinthians,1531.0269817066528
2022,Brasília,1285.5701951006147
2022,São Paulo,1720.3277769640322
2022,Cerrado Basquete,1283.9339929595833
2022,São José,1497.2617079763625
2022,Bauru,1650.4948992275138
2022,Pato Basquete,1440.2328504534557
2022,Paulistano,1651.141169142684
2022,Caxias do Sul Basquete,1412.6629823385142
2022,Pinheiros,1624.1338593908242
2022,UNIFACISA,1595.2398597786203
2022,Corinthians,1520.1672680975732
2022,Bauru,1629.282320424597
2022,São José,1518.4742867792793
2022,Paulistano,1656.9103618432084
2022,Pato Basquete,1434.4636577529313
2022,Bauru,1636.9052468671541
2022,São José,1510.851360336722
2022,Pinheiros,1629.6286079973163
2022,Caxias do Sul Basquete,1407.1682337320221
2022,Corinthians,1505.680932719935
2022,UNIFACISA,1609.7261951562584
2022,Paulistano,1662.0065643391256
2022,Pato Basquete,1429.3674552570142
2022,Flamengo,1920.9353987003822
2022,Bauru,1632.8016121915036
2022,Minas,1730.2850848371445
2022,Paulistano,1653.0459837052692
2022,São Paulo,1729.5559876851498
2022,Pinheiros,1620.4003972761986
2022,Franca,1939.06778587274
2022,UNIFACISA,1636.9366559112073
2022,Paulistano,1667.4401886298813
2022,Minas,1715.8908799125325
2022,Pinheiros,1637.1283855372615
2022,São Paulo,1712.827999424087
2022,Bauru,1626.5102048974886
2022,Flamengo,1927.2268059943972
2022,UNIFACISA,1630.817110155551
2022,Franca,1945.1873316283961
2022,Paulistano,1652.1048899451898
2022,Minas,1731.226178597224
2022,Bauru,1650.7357800635546
2022,Flamengo,1903.0012308283312
2022,Pinheiros,1622.0630752576315
2022,São Paulo,1727.893309703717
2022,UNIFACISA,1651.9339280449285
2022,Franca,1924.0705137390187
2022,São Paulo,1736.3837717971871
2022,Pinheiros,1613.5726131641613
2022,Flamengo,1906.6971371407371
2022,Bauru,1647.0398737511487
2022,Minas,1709.6933260789992
2022,Paulistano,1673.6377424634145
2022,Franca,1928.2231518126111
2022,UNIFACISA,1647.781289971336
2022,Minas,1719.7097599835517
2022,Paulistano,1663.621308558862
2022,Franca,1931.8890061200461
2022,UNIFACISA,1644.115435663901
2022,Flamengo,1883.5195959640773
2022,São Paulo,1759.561312973847
2022,Franca,1937.2419165172025
2022,Minas,1714.3568495863954
2022,São Paulo,1778.2112001503292
2022,Flamengo,1864.869708787595
2022,Minas,1736.6341647412712
2022,Franca,1914.9646013623267
2022,São Paulo,1792.62079774786
2022,Flamengo,1850.4601111900643
2022,Minas,1727.418126549996
2022,Franca,1924.1806395536018
2022,Franca,1902.383072449758
2022,Minas,1749.21569365384
2022,Franca,1909.4104976966
2022,Minas,1742.1882684069978
2022,Franca,1887.374864919798
2022,São Paulo,1814.656430524662
2022,São Paulo,1800.5264209180566
2022,Franca,1901.5048745264035
2022,São Paulo,1789.052641436767
2022,Franca,1912.978654007693
2022,Franca,1892.1899384422738
2022,São Paulo,1809.8413570021862
2022,Franca,1902.1222328279462
2022,São Paulo,1799.909062616514
2023,Flamengo,1819.9626996454645
2023,Minas,1772.6856799515976
2023,Flamengo,1822.8167097064445
2023,Pato Basquete,1426.5134451960341
2023,Brasília,1273.978503068331
2023,Corinthians,1517.2726247522187
2023,Botafogo,1490.3306063053842
2023,Minas,1782.3796506151714
2023,Franca,1913.1578108524384
2023,São Paulo,1788.8734845920217
2023,Cerrado Basquete,1277.1897787960972
2023,Pinheiros,1620.3168273276474
2023,Cerrado Basquete,1266.8280582151324
2023,Corinthians,1527.6343453331835
2023,Brasília,1309.4418656839273
2023,Pinheiros,1584.8534647120512
2023,Franca,1919.603035896474
2023,Paulistano,1657.1760835148264
2023,Vasco da Gama,1369.3854803863892
2023,Minas,1787.2167285493629
2023,Bauru,1673.4129891958248
2023,São Paulo,1762.5003691473455
2023,Botafogo,1464.086727081157
2023,Pato Basquete,1452.7573244202613
2023,Caxias do Sul Basquete,1382.5790833504452
2023,União Corinthians,1430.2461294285908
2023,São José,1495.7995603600366
2023,UNIFACISA,1659.1672356405866
2023,Mogi,1446.1952215085719
2023,Basquete Cearense,1407.7841241834774
2023,Bauru,1687.7494959272344
2023,Paulistano,1642.8395767834168
2023,Vasco da Gama,1390.5041791500205
2023,Pato Basquete,1431.63862565663
2023,São José,1470.163134354621
2023,Basquete Cearense,1433.420550188893
2023,Mogi,1434.0821542061897
2023,UNIFACISA,1671.2803029429688
2023,União Corinthians,1447.1576566378656
2023,Botafogo,1447.1751998718823
2023,União Corinthians,1420.9626666105762
2023,Vasco da Gama,1416.6991691773098
2023,Caxias do Sul Basquete,1402.1284219481254
2023,Botafogo,1427.6258612742022
2023,Pato Basquete,1440.7367077250476
2023,Cerrado Basquete,1257.7299761467148
2023,Basquete Cearense,1460.3231889746035
2023,Bauru,1660.846857141524
2023,Caxias do Sul Basquete,1381.034794074223
2023,Vasco da Gama,1437.7927970512121
2023,Paulistano,1667.6930405159442
2023,São Paulo,1737.646905414818
2023,UNIFACISA,1688.9195136252565
2023,Bauru,1643.2076464592362
2023,Pato Basquete,1414.720017741813
2023,Brasília,1335.4585556671618
2023,Botafogo,1403.5919818094656
2023,Vasco da Gama,1461.8266765159487
2023,Paulistano,1674.5102495995136
2023,Basquete Cearense,1453.505979891034
2023,Paulistano,1692.2169877411143
2023,UNIFACISA,1671.2127754836558
2023,São José,1485.1439403607858
2023,Pato Basquete,1399.7392117356483
2023,São Paulo,1700.8728657984348
2023,Basquete Cearense,1490.2800195074174
2023,Cerrado Basquete,1285.871999212293
2023,União Corinthians,1392.820643544998
2023,Franca,1922.1800237916384
2023,Corinthians,1525.0573574380192
2023,Flamengo,1825.3885652978702
2023,Botafogo,1401.0201262180399
2023,São José,1477.1898483434138
2023,Minas,1795.1708205667348
2023,Mogi,1407.4690825286573
2023,Pato Basquete,1426.3522834131807
2023,São Paulo,1715.4909874092114
2023,UNIFACISA,1656.5946538728792
2023,Cerrado Basquete,1268.7883871470276
2023,Caxias do Sul Basquete,1398.1184061394886
2023,Bauru,1653.2379152306128
2023,Corinthians,1515.0270886666426
2023,Brasília,1315.3067081567424
2023,União Corinthians,1412.9724910554173
2023,Pinheiros,1569.045189168218
2023,Paulistano,1708.0252632849474
2023,Vasco da Gama,1456.5310074414915
2023,Flamengo,1830.6842343723274
2023,Mogi,1402.2583099052342
2023,Minas,1800.381593190158
2023,Botafogo,1398.484763337219
2023,Franca,1924.7153866724593
2023,Brasília,1297.0332766175295
2023,Caxias do Sul Basquete,1416.3918376787014
2023,Bauru,1664.3423394980166
2023,Pinheiros,1557.9407649008142
2023,Basquete Cearense,1516.6874216473216
2023,UNIFACISA,1630.187251732975
2023,União Corinthians,1428.601933874308
2023,Mogi,1386.6288670863435
2023,Franca,1891.8409539117633
2023,Pinheiros,1590.8151976615102
2023,Flamengo,1831.8310999438474
2023,Cerrado Basquete,1267.6415215755076
2023,Pato Basquete,1452.6170504675863
2023,Bauru,1638.077572443611
2023,Corinthians,1539.719234308987
2023,São Paulo,1690.7988417668669
2023,Botafogo,1409.9145351714446
2023,Brasília,1285.6035047833038
2023,Caxias do Sul Basquete,1430.0556615196492
2023,Mogi,1372.9650432453957
2023,União Corinthians,1409.715811545112
2023,São José,1496.0759706726099
2023,Vasco da Gama,1463.4080141194015
2023,Cerrado Basquete,1260.7645148975976
2023,Flamengo,1833.1513997314985
2023,Brasília,1284.2832049956528
2023,Minas,1809.6260063222237
2023,Bauru,1628.8331593115452
2023,Pato Basquete,1485.4842108241778
2023,Franca,1858.9737935551718
2023,Pinheiros,1573.992157046443
2023,São Paulo,1707.621882381934
2023,Caxias do Sul Basquete,1410.8389276432786
2023,São José,1515.2927045489805
2023,Corinthians,1526.0696511296167
2023,Paulistano,1721.6748464643179
2023,Botafogo,1417.6348654128815
2023,Cerrado Basquete,1253.0441846561607
2023,Minas,1789.0130077263827
2023,Franca,1879.5867921510128
2023,Vasco da Gama,1472.1618940104552
2023,Brasília,1275.5293251045991
2023,Mogi,1390.808599774253
2023,Botafogo,1399.7913088840241
2023,Bauru,1636.1478974362497
2023,União Corinthians,1402.4010734204076
2023,São Paulo,1714.7013225784433
2023,Pato Basquete,1478.4047706276685
2023,Basquete Cearense,1534.395135034702
2023,Pinheiros,1556.2844436590626
2023,São José,1549.7652587141388
2023,Flamengo,1798.6788455663402
2023,Paulistano,1727.674746044908
2023,Pato Basquete,1472.4048710470784
2023,Bauru,1643.3542428949718
2023,Caxias do Sul Basquete,1403.6325821845564
2023,Franca,1881.5449291513842
2023,União Corinthians,1400.4429364200362
2023,São José,1559.7198697270426
2023,Botafogo,1389.8366978711204
2023,UNIFACISA,1642.3928905574091
2023,Pinheiros,1544.0788048346285
2023,Mogi,1386.1010612836772
2023,Flamengo,1803.386384056916
2023,São Paulo,1695.9508508313595
2023,Minas,1807.7634794734665
2023,Basquete Cearense,1550.9323730478504
2023,Corinthians,1509.5324131164682
2023,Cerrado Basquete,1272.7214255687827
2023,Brasília,1255.8520841919772
2023,Franca,1883.4436249733105
2023,Caxias do Sul Basquete,1401.73388636263
2023,UNIFACISA,1650.6840876128595
2023,Corinthians,1501.241216061018
2023,Mogi,1366.744468888843
2023,Vasco da Gama,1491.5184864052894
2023,Paulistano,1708.0760640837473
2023,Minas,1827.3621614346273
2023,Flamengo,1812.5857865180062
2023,Bauru,1634.1548404338816
2023,São José,1572.8928861960353
2023,Vasco da Gama,1478.3454699362967
2023,Cerrado Basquete,1294.1858842460556
2023,Mogi,1345.28001021157
2023,União Corinthians,1392.5499000940833
2023,Paulistano,1715.9691004097
2023,Caxias do Sul Basquete,1394.037441046794
2023,São Paulo,1703.6472961471957
2023,Botafogo,1416.3519964105492
2023,Bauru,1607.6395418944528
2023,Minas,1834.6378916270035
2023,UNIFACISA,1643.4083574204833
2023,Pato Basquete,1456.5687596073808
2023,Basquete Cearense,1566.768484487548
2023,Brasília,1273.9927848363093
2023,Mogi,1327.139309567238
2023,Corinthians,1517.7190237057991
2023,Pinheiros,1527.6009971898472
2023,Caxias do Sul Basquete,1386.4521943575896
2023,Paulistano,1723.5543470989044
2023,União Corinthians,1385.1909130285126
2023,São Paulo,1711.0062832127664
2023,Minas,1839.5488996254496
2023,Basquete Cearense,1561.8574764891018
2023,Pato Basquete,1444.6771069106335
2023,UNIFACISA,1655.3000101172306
2023,Flamengo,1835.0439282356292
2023,Franca,1860.9854832556875
2023,Cerrado Basquete,1286.098121873156
2023,São José,1580.9806485689348
2023,Vasco da Gama,1502.030328926301
2023,Bauru,1583.9546829044484
2023,Brasília,1265.5263145662789
2023,São José,1589.4471188389653
2023,Vasco da Gama,1495.8018925050253
2023,Franca,1867.2139196769633
2023,São Paulo,1714.850497180206
2023,Botafogo,1412.5077824431096
2023,Paulistano,1707.6339841702813
2023,Flamengo,1850.9642911642522
2023,Corinthians,1488.138801825013
2023,Mogi,1356.719531448024
2023,Minas,1807.0456164741975
2023,Cerrado Basquete,1318.6014050244082
2023,UNIFACISA,1660.7106578323096
2023,Caxias do Sul Basquete,1381.0415466425106
2023,Basquete Cearense,1532.7413765602598
2023,União Corinthians,1414.3070129573546
2023,São Paulo,1698.7539519056588
2023,Flamengo,1867.0608364387995
2023,Franca,1868.1498716720346
2023,Brasília,1264.5903625712076
2023,Pinheiros,1535.554959711205
2023,Mogi,1348.7655689266664
2023,Paulistano,1712.1173914262597
2023,Botafogo,1408.0243751871312
2023,Basquete Cearense,1506.9203383972867
2023,Caxias do Sul Basquete,1406.8625848054835
2023,UNIFACISA,1666.2706244084316
2023,União Corinthians,1408.7470463812326
2023,São Paulo,1668.1553646619204
2023,Vasco da Gama,1526.4004797487637
2023,Pinheiros,1552.5836082589367
2023,São José,1572.4184702912335
2023,Franca,1869.1871495370217
2023,Cerrado Basquete,1317.564127159421
2023,Bauru,1587.9606671857298
2023,Brasília,1260.5843782899262
2023,Corinthians,1462.327404328851
2023,Botafogo,1433.8357726832933
2023,Paulistano,1681.547588870573
2023,Vasco da Gama,1556.9702823044504
2023,Bauru,1593.1016497173084
2023,Cerrado Basquete,1312.4231446278425
2023,São José,1579.0184156303505
2023,Mogi,1342.1656235875494
2023,Pinheiros,1568.568026855111
2023,Vasco da Gama,1540.9858637082762
2023,Corinthians,1495.470605328895
2023,Minas,1773.9024154741533
2023,Brasília,1255.7999276284258
2023,Paulistano,1686.3320395320734
2023,Corinthians,1508.1151347835764
2023,Pato Basquete,1432.0325774559522
2023,Pinheiros,1555.2690789022681
2023,Minas,1787.201363426996
2023,Cerrado Basquete,1307.2665546985975
2023,Paulistano,1691.4886294613184
2023,Vasco da Gama,1564.7003420608744
2023,UNIFACISA,1642.5561460558333
2023,Botafogo,1452.8098090331468
2023,Basquete Cearense,1487.9463020474332
2023,Pinheiros,1565.9457089958255
2023,Pato Basquete,1421.3559473623948
2023,Mogi,1333.8051472142333
2023,Bauru,1601.4621260906245
2023,Caxias do Sul Basquete,1392.112133562008
2023,Corinthians,1522.865586027052
2023,Minas,1788.5734743105209
2023,Brasília,1254.427816744901
2023,São José,1557.3571837945947
2023,Bauru,1623.1233579263803
2023,Botafogo,1439.2829301392276
2023,UNIFACISA,1656.0830249497526
2023,Cerrado Basquete,1340.4982926012367
2023,São Paulo,1634.9236267592812
2023,União Corinthians,1391.83740653452
2023,Corinthians,1539.7752258737646
2023,Mogi,1331.3478633119166
2023,Franca,1871.6444334393384
2023,Caxias do Sul Basquete,1418.1629581546272
2023,Pinheiros,1539.8948844032063
2023,Flamengo,1869.6997756668065
2023,Basquete Cearense,1485.307362819426
2023,Minas,1791.690866024928
2023,Pato Basquete,1418.2385556479876
2023,Vasco da Gama,1576.4617269216174
2023,Basquete Cearense,1473.5459779586831
2023,Brasília,1249.0264701351712
2023,São Paulo,1640.324973369011
2023,Flamengo,1877.209477162961
2023,UNIFACISA,1648.573323453598
2023,São José,1549.7050357177104
2023,Franca,1879.2965815162227
2023,União Corinthians,1377.5524231700324
2023,Pinheiros,1554.1798677676938
2023,Paulistano,1694.8684958927809
2023,Mogi,1327.9679968804542
2023,Minas,1795.034450755881
2023,Caxias do Sul Basquete,1414.8193734236743
2023,Pato Basquete,1433.2623947352945
2023,União Corinthians,1362.5285840827255
2023,Basquete Cearense,1483.545669090695
2023,Cerrado Basquete,1330.498601469225
2023,UNIFACISA,1651.4426541620767
2023,Brasília,1246.1571394266925
2023,Corinthians,1521.2805399031079
2023,Vasco da Gama,1594.956412892274
2023,Pinheiros,1547.4475854547627
2023,Flamengo,1883.9417594758922
2023,São Paulo,1651.1453982957119
2023,São José,1538.8846107910097
2023,Franca,1885.2920348762898
2023,Bauru,1617.1279045663132
2023,Paulistano,1704.056552221368
2023,São José,1529.6965544624225
2023,Corinthians,1514.8498271165984
2023,Flamengo,1890.3724722624017
2023,Minas,1797.435416266554
2023,União Corinthians,1360.1276185720524
2023,Pato Basquete,1447.488361329739
2023,Caxias do Sul Basquete,1400.5934068292297
2023,Basquete Cearense,1489.6623356407526
2023,Brasília,1240.0404728766348
2023,UNIFACISA,1655.5312963094168
2023,Cerrado Basquete,1326.4099593218848
2023,Pinheiros,1520.9432700858836
2023,Botafogo,1465.7872455081067
2023,São Paulo,1619.9189005958967
2023,Mogi,1359.1944945802693
2023,Basquete Cearense,1484.9387367299712
2023,Franca,1890.0156337870712
2023,Caxias do Sul Basquete,1397.9939691813038
2023,Flamengo,1892.9719099103277
2023,UNIFACISA,1681.6553979209002
2023,Franca,1863.8915321755878
2023,União Corinthians,1357.5776503932077
2023,Flamengo,1895.5218780891723
2023,Corinthians,1491.8545004563389
2023,São José,1552.691881122682
2023,Brasília,1227.8349488896438
2023,Pato Basquete,1459.69388531673
2023,São Paulo,1598.3639797181847
2023,Bauru,1638.6828254440252
2023,Paulistano,1676.880846424637
2023,Bauru,1665.8585312407563
2023,Cerrado Basquete,1311.1262140977824
2023,Pato Basquete,1474.9776305408325
2023,Minas,1801.6702867914469
2023,Botafogo,1461.552374983214
2023,Flamengo,1899.684279925085
2023,Vasco da Gama,1590.7940110563613
2023,São Paulo,1588.6715955106688
2023,Franca,1873.5839163831038
2023,São José,1563.8251992483627
2023,Corinthians,1480.7211823306582
2023,Mogi,1347.2305105884595
2023,Pinheiros,1532.9072540776933
2023,Paulistano,1663.4291964062068
2023,Franca,1887.035566401534
2023,Minas,1823.3569783453408
2023,Flamengo,1877.9975883711911
2023,UNIFACISA,1694.3006914524449
2023,São Paulo,1576.0263019791241
2023,União Corinthians,1374.8337556059926
2023,Caxias do Sul Basquete,1380.737863968519
2023,Basquete Cearense,1467.6342811068944
2023,São Paulo,1593.330757602201
2023,Pato Basquete,1508.3455206679866
2023,Flamengo,1844.629698244037
2023,Minas,1830.0364301248817
2023,Vasco da Gama,1584.1145592768205
2023,Botafogo,1448.6582376294105
2023,Paulistano,1676.3233337600102
2023,Franca,1894.8581024513524
2023,UNIFACISA,1686.4781554026265
2023,Pato Basquete,1489.4536144315946
2023,Vasco da Gama,1603.0064655132126
2023,São José,1542.0568047429529
2023,Pinheiros,1554.675648583103
2023,Bauru,1681.235573972647
2023,UNIFACISA,1671.1011126707358
2023,Franca,1897.0268190837749
2023,Basquete Cearense,1465.4655644744719
2023,Brasília,1225.9348240076215
2023,Minas,1831.936555006904
2023,Bauru,1687.5725932563892
2023,Basquete Cearense,1459.1285451907297
2023,Botafogo,1422.9625875859588
2023,Caxias do Sul Basquete,1406.4335140119706
2023,Mogi,1331.9577491739128
2023,Corinthians,1495.993943745205
2023,Cerrado Basquete,1308.4244601896673
2023,Minas,1834.638308915019
2023,Botafogo,1401.1912662516165
2023,União Corinthians,1396.6050769403348
2023,Vasco da Gama,1609.9462896792984
2023,Caxias do Sul Basquete,1399.4936898458848
2023,Basquete Cearense,1478.6192368773814
2023,São José,1522.5661130563012
2023,UNIFACISA,1674.7885983005042
2023,Mogi,1328.2702635441444
2023,Corinthians,1501.6084533057824
2023,Brasília,1220.320314447044
2023,Pinheiros,1560.9940903509676
2023,Cerrado Basquete,1302.106018421803
2023,Vasco da Gama,1616.9400204771596
2023,União Corinthians,1389.6113461424736
2023,Flamengo,1846.9583485993671
2023,Caxias do Sul Basquete,1397.1650394905546
2023,São Paulo,1615.9757994076986
2023,Paulistano,1653.6782919545126
2023,Basquete Cearense,1488.3258318268865
2023,Mogi,1318.5636685946392
2023,Pato Basquete,1501.515653165353
2023,Botafogo,1389.1292275178582
2023,UNIFACISA,1684.3147106057527
2023,São José,1513.0400007510527
2023,Corinthians,1509.322719772063
2023,Cerrado Basquete,1294.3917519555223
2023,Pinheiros,1527.7356329875727
2023,Brasília,1253.5787718104389
2023,Flamengo,1849.0060607316295
2023,União Corinthians,1387.5636340102112
2023,Pato Basquete,1479.2491937303155
2023,São José,1535.3064601860901
2023,União Corinthians,1356.596584161735
2023,Cerrado Basquete,1325.3588018039984
2023,UNIFACISA,1652.9192258221967
2023,Basquete Cearense,1519.7213166104425
2023,Botafogo,1385.1908610663863
2023,Flamengo,1852.9444271831014
2023,Corinthians,1498.0784842252067
2023,Bauru,1698.8168288032455
2023,União Corinthians,1368.2204451536497
2023,Brasília,1241.9549108185242
2023,Pato Basquete,1464.378190222601
2023,São Paulo,1630.846802915413
2023,Caxias do Sul Basquete,1369.0137489014203
2023,Cerrado Basquete,1353.5100923931327
2023,Minas,1836.200105923533
2023,Mogi,1317.0018715861252
2023,Pinheiros,1553.3387705792693
2023,Bauru,1673.2136912115488
2023,UNIFACISA,1630.7105878459947
2023,Paulistano,1675.8869299307146
2023,Caxias do Sul Basquete,1379.3630616358093
2023,Brasília,1231.6055980841352
2023,Vasco da Gama,1623.3410940549377
2023,Botafogo,1378.7897874886082
2023,Basquete Cearense,1504.7389832143651
2023,Paulistano,1690.869263326792
2023,Pinheiros,1546.3383093509358
2023,Franca,1904.0272803121084
2023,Corinthians,1493.5945844651324
2023,Franca,1908.5111800721827
2023,São José,1544.5547360593573
2023,União Corinthians,1358.9721692803826
2023,Mogi,1336.42711102711
2023,Caxias do Sul Basquete,1359.9378221948245
2023,Basquete Cearense,1514.8444856480405
2023,Botafogo,1368.6842850549328
2023,Cerrado Basquete,1350.8756485259446
2023,Flamengo,1855.5788710502895
2023,Minas,1804.0648638440236
2023,São Paulo,1662.9820449949225
2023,Bauru,1680.231356390201
2023,Pato Basquete,1457.3605250439489
2023,Paulistano,1701.2081867189063
2023,Pinheiros,1535.9993859588214
2023,São José,1552.6779539206727
2023,Caxias do Sul Basquete,1351.8146043335091
2023,UNIFACISA,1636.6697394842206
2023,Botafogo,1362.725133416707
2023,Mogi,1313.541086189536
2023,União Corinthians,1381.8581941179566
2023,São Paulo,1632.1132763374778
2023,Corinthians,1524.463353122577
2023,Brasília,1230.080232264135
2023,Flamengo,1857.1042368702897
2023,Bauru,1655.5112205743803
2023,Vasco da Gama,1648.0612298707583
2023,Franca,1910.7249463060361
2023,Pato Basquete,1455.1467588100954
2023,União Corinthians,1410.5198087990016
2023,UNIFACISA,1608.0081248031756
2023,Botafogo,1351.2592545546086
2023,São José,1564.1438327827711
2023,Franca,1919.9919837843358
2023,Minas,1794.797826365724
2023,São Paulo,1642.9147491982205
2023,Pinheiros,1525.1979130980787
2023,Flamengo,1858.4201017212938
2023,Mogi,1312.2252213385318
2023,Brasília,1212.3044393397643
2023,Cerrado Basquete,1368.6514414503154
2023,Caxias do Sul Basquete,1342.3884473097835
2023,UNIFACISA,1617.4342818269013
2023,Basquete Cearense,1529.1632243115625
2023,Pato Basquete,1440.8280201465734
2023,Paulistano,1669.3595277982208
2023,Corinthians,1556.3120120432625
2023,Bauru,1676.7328461606542
2023,Minas,1773.5762007794501
2023,Vasco da Gama,1651.5917943687396
2023,Mogi,1308.6946568405506
2023,UNIFACISA,1625.1829753113725
2023,Pato Basquete,1433.0793266621022
2023,Botafogo,1328.2927161891357
2023,Mogi,1331.6611952060234
2023,Pinheiros,1533.5360514363538
2023,Caxias do Sul Basquete,1334.0503089715085
2023,Vasco da Gama,1664.8617496748857
2023,São José,1550.873877476625
2023,União Corinthians,1401.376194882756
2023,Bauru,1685.8764600768998
2023,Corinthians,1572.403685082603
2023,Basquete Cearense,1513.071551272222
2023,Cerrado Basquete,1345.789069342196
2023,Botafogo,1351.1550882972551
2023,Brasília,1208.7759731698943
2023,Vasco da Gama,1668.3902158447556
2023,Caxias do Sul Basquete,1328.3045529264605
2023,Bauru,1691.6222161219478
2023,Pinheiros,1549.1323514638684
2023,Basquete Cearense,1497.4752512447074
2023,Corinthians,1588.7833670625566
2023,UNIFACISA,1608.803293331419
2023,Pato Basquete,1462.4372779463629
2023,Paulistano,1640.0015765139601
2023,Mogi,1361.377273376035
2023,São José,1521.1577993066135
2023,Cerrado Basquete,1339.3396891274595
2023,Vasco da Gama,1674.8395960594921
2023,Brasília,1195.4771557578122
2023,Botafogo,1364.4539057093373
2023,Minas,1782.1412647971101
2023,Paulistano,1631.4365124963
2023,Pinheiros,1527.611988703037
2023,UNIFACISA,1630.3236560922503
2023,Bauru,1680.515954548828
2023,Franca,1931.0982453574557
2023,Flamengo,1861.6170599592488
2023,São José,1517.9608410686585
2023,Corinthians,1596.6174954545868
2023,União Corinthians,1393.5420664907258
2023,Bauru,1703.6576046322891
2023,Flamengo,1838.4754098757876
2023,Franca,1932.2378688356662
2023,Botafogo,1363.3142822311268
2023,Basquete Cearense,1528.8633354437206
2023,Minas,1750.7531805980968
2023,Paulistano,1638.2037330256078
2023,União Corinthians,1386.7748459614181
2023,Mogi,1371.007739459673
2023,Brasília,1185.846689674174
2023,São Paulo,1646.9175811203183
2023,Caxias do Sul Basquete,1324.3017210043627
2023,São José,1524.9647770623387
2023,Cerrado Basquete,1332.3357531337792
2023,Bauru,1707.4948594289745
2023,Botafogo,1359.4770274344414
2023,Franca,1902.789906394045
2023,Flamengo,1867.9233723174088
2023,São José,1528.8267112589035
2023,Brasília,1181.9847554776093
2023,UNIFACISA,1650.6417413308955
2023,Minas,1730.4350953594517
2023,Mogi,1384.5111340804074
2023,Cerrado Basquete,1318.832358513045
2023,São Paulo,1652.4380566107222
2023,União Corinthians,1381.2543704710142
2023,Pinheiros,1507.6220525647268
2023,Corinthians,1616.607431592897
2023,Franca,1909.762617806792
2023,Vasco da Gama,1667.8668846467451
2023,Minas,1738.0732827630434
2023,São José,1521.1885238553118
2023,Pato Basquete,1476.0342834168184
2023,Mogi,1370.9141286099518
2023,Botafogo,1388.465718349062
2023,São Paulo,1623.4493656961017
2023,Caxias do Sul Basquete,1311.2646458547638
2023,Basquete Cearense,1541.9004105933195
2023,Cerrado Basquete,1313.3196375761556
2023,Bauru,1713.0075803658638
2023,Flamengo,1874.4379169998485
2023,Paulistano,1631.689188343168
2023,Minas,1745.0323878578815
2023,Pinheiros,1500.6629474698886
2023,União Corinthians,1367.2104043584275
2023,Basquete Cearense,1555.9443767059063
2023,Caxias do Sul Basquete,1309.5400974314452
2023,Franca,1911.4871662301105
2023,Brasília,1179.3379721396432
2023,Bauru,1715.6543637038296
2023,Pato Basquete,1501.2316595972154
2023,Corinthians,1591.4100554125
2023,Vasco da Gama,1680.895274513681
2023,Paulistano,1618.6607984762322
2023,Flamengo,1880.1598745777883
2023,São Paulo,1617.727408118162
2023,União Corinthians,1364.8485760243304
2023,Franca,1913.8489945642075
2023,Minas,1754.5987848954148
2023,Corinthians,1581.8436583749667
2023,Pato Basquete,1516.361516809862
2023,Pinheiros,1485.533090257242
2023,Vasco da Gama,1654.087968850058
2023,São Paulo,1644.534713781785
2023,Paulistano,1621.0703234339867
2023,Brasília,1176.9284471818887
2023,UNIFACISA,1639.9362082445314
2023,Flamengo,1890.8654076641524
2023,Franca,1916.5998344221598
2023,São José,1518.4376839973595
2023,Paulistano,1625.4096974764789
2023,Cerrado Basquete,1308.9802635336634
2023,Basquete Cearense,1548.6726353569386
2023,Flamengo,1898.13714901312
2023,São Paulo,1646.3464670514502
2023,Brasília,1175.1166939122236
2023,Bauru,1688.399882851128
2023,São José,1545.692164850061
2023,Corinthians,1587.1614471543735
2023,Caxias do Sul Basquete,1304.2223086520385
2023,Franca,1917.6858488953353
2023,Mogi,1369.8281141367763
2023,UNIFACISA,1657.8913845268444
2023,Vasco da Gama,1636.132792567745
2023,Pinheiros,1496.8384827970226
2023,União Corinthians,1353.54318348455
2023,São Paulo,1649.994454314182
2023,Cerrado Basquete,1305.3322762709317
2023,Paulistano,1629.6692028970012
2023,Caxias do Sul Basquete,1299.962803231516
2023,Pato Basquete,1506.041769434586
2023,Minas,1764.9185322706908
2023,Basquete Cearense,1566.719230246989
2023,Vasco da Gama,1618.0861976776946
2023,Brasília,1174.396882676965
2023,Franca,1918.4056601305938
2023,Flamengo,1902.7876520291863
2023,Corinthians,1582.5109441383072
2023,Mogi,1396.8782992987847
2023,São Paulo,1622.9442691521735
2023,Cerrado Basquete,1303.6046017202484
2023,Franca,1920.1333346812771
2023,Brasília,1170.9841126071592
2023,UNIFACISA,1661.3041545966503
2023,Botafogo,1374.2282769332041
2023,Corinthians,1596.748385554165
2023,Flamengo,1905.4342567557285
2023,Pinheiros,1494.1918780704805
2023,Mogi,1422.933978126697
2023,Paulistano,1603.613524069089
2023,São José,1566.4634888480127
2023,São Paulo,1602.172945154222
2023,Cerrado Basquete,1297.8025758047904
2023,UNIFACISA,1667.1061805121083
2023,União Corinthians,1340.7185195722025
2023,Pato Basquete,1518.8664333469335
2023,Botafogo,1399.5747240422352
2023,Pinheiros,1468.8454309614494
2023,Caxias do Sul Basquete,1296.3859068432023
2023,Minas,1768.4954286590046
2023,Vasco da Gama,1633.3255998101938
2023,Corinthians,1581.5089834216658
2023,Brasília,1200.2080658099833
2023,Basquete Cearense,1537.4952770441648
2023,São José,1543.0733365560875
2023,Paulistano,1627.0036763610142
2023,União Corinthians,1336.420662121117
2023,Minas,1772.79328611009
2023,Caxias do Sul Basquete,1284.5274112403279
2023,Pato Basquete,1530.724928949808
2023,Cerrado Basquete,1289.0296880638293
2023,Basquete Cearense,1546.268164785126
2023,Vasco da Gama,1602.2750721127493
2023,Pinheiros,1499.895958658894
2023,Bauru,1693.8220483910334
2023,Mogi,1417.5118125867916
2023,Corinthians,1559.4839323254719
2023,Paulistano,1649.028727457208
2023,Mogi,1414.5564224106445
2023,Franca,1923.0887248574243
2023,União Corinthians,1332.3089629132662
2023,Minas,1776.9049853179408
2023,São Paulo,1621.4427078875237
2023,UNIFACISA,1647.8364177788064
2023,Pinheiros,1482.713969090776
2023,Vasco da Gama,1619.4570616808674
2023,Botafogo,1396.9120769658102
2023,Flamengo,1908.0969038321534
2023,Pato Basquete,1515.6079495719744
2023,Bauru,1708.939027768867
2023,São José,1522.3350890441989
2023,Basquete Cearense,1567.0064122970145
2023,Paulistano,1660.7900861160888
2023,Corinthians,1547.7225736665912
2023,Franca,1924.7247525447137
2023,Mogi,1412.920394723355
2023,Minas,1778.93572395571
2023,União Corinthians,1330.278224275497
2023,UNIFACISA,1661.3341840083788
2023,São Paulo,1607.9449416579514
2023,UNIFACISA,1636.3444963346185
2023,São Paulo,1632.9346293317117
2023,Vasco da Gama,1629.594643417301
2023,Pinheiros,1472.5763873543422
2023,Flamengo,1909.6442595787044
2023,Botafogo,1395.3647212192593
2023,Basquete Cearense,1582.322294385245
2023,São José,1507.0192069559685
2023,Bauru,1716.4087175902507
2023,Pato Basquete,1508.1382597505906
2023,Franca,1929.5130218518566
2023,Paulistano,1656.001816808946
2023,Minas,1789.0981920600946
2023,São Paulo,1622.7721612273272
2023,Flamengo,1913.442860565257
2023,Basquete Cearense,1578.5236933986923
2023,Vasco da Gama,1650.0581040413786
2023,Bauru,1695.9452569661732
2023,Paulistano,1646.6462498289022
2023,Franca,1938.8685888319003
2023,São Paulo,1651.3655044268926
2023,Minas,1760.5048488605291
2023,Basquete Cearense,1571.251887328711
2023,Flamengo,1920.7146666352382
2023,Bauru,1710.5014175499343
2023,Vasco da Gama,1635.5019434576175
2023,Paulistano,1638.6183452428534
2023,Franca,1946.8964934179492
2023,São Paulo,1671.134150602456
2023,Minas,1740.7362026849657
2023,Basquete Cearense,1564.6407922648932
2023,Flamengo,1927.325761699056
2023,Bauru,1722.8191117219385
2023,Vasco da Gama,1623.1842492856133
2023,Minas,1754.7064240663271
2023,São Paulo,1657.1639292210946
2023,Vasco da Gama,1644.96104218369
2023,Bauru,1701.0423188238617
2023,Minas,1767.390521839841
2023,São Paulo,1644.4798314475806
2024,Vasco da Gama,1636.3508638860637
2024,Flamengo,1935.9359399966825
2024,Minas,1768.4203284541102
2024,Brasília,1199.1782591957142
2024,Mogi,1439.8707900014563
2024,Paulistano,1611.667949964752
2024,Pinheiros,1488.129023919012
2024,Pato Basquete,1492.5856231859207
2024,São José,1477.5929224529175
2024,Botafogo,1424.7910057223103
2024,Paulistano,1622.5764878484024
2024,Pinheiros,1477.2204860353618
2024,Corinthians,1524.1697569443659
2024,Pato Basquete,1516.138439908146
2024,Mogi,1418.8490117777546
2024,Botafogo,1445.812783946012
2024,Bauru,1702.3559551497854
2024,Brasília,1197.8646228697905
2024,Basquete Cearense,1569.4788333854071
2024,Caxias do Sul Basquete,1279.689370119814
2024,UNIFACISA,1640.7591069968364
2024,União Corinthians,1325.863613613279
2024,São José,1463.2818145665583
2024,Vasco da Gama,1650.661971772423
2024,Franca,1954.578999132476
2024,Minas,1760.7378227395834
2024,São José,1459.954799712798
2024,Flamengo,1939.2629548504428
2024,Bauru,1685.550778063947
2024,Minas,1777.5429998254217
2024,Pato Basquete,1500.5913184639817
2024,São Paulo,1660.026952891745
2024,Franca,1954.9150337927044
2024,Brasília,1197.528588209562
2024,Mogi,1443.2339381308332
2024,Vasco da Gama,1626.2770454193444
2024,UNIFACISA,1601.9141955913608
2024,Caxias do Sul Basquete,1318.5342815252895
2024,Basquete Cearense,1535.770680824135
2024,União Corinthians,1359.5717661745512
2024,Mogi,1439.8335432607503
2024,Flamengo,1942.6633497205257
2024,Corinthians,1510.5618791456598
2024,São Paulo,1673.634830690451
2024,Minas,1782.0044232010162
2024,São José,1455.4933763372035
2024,Vasco da Gama,1598.8248872745662
2024,Pinheiros,1504.67264418014
2024,Pato Basquete,1520.9746922093602
2024,Basquete Cearense,1515.3873070787565
2024,São Paulo,1706.3330410051021
2024,Franca,1922.2168234780534
2024,Botafogo,1425.2970813311667
2024,Corinthians,1531.077581760505
2024,Caxias do Sul Basquete,1297.0603305571758
2024,União Corinthians,1381.045717142665
2024,Brasília,1225.8123944733175
2024,São José,1427.209570073448
2024,Botafogo,1405.9186003344207
2024,Pinheiros,1524.051125176886
2024,Minas,1785.9592127724466
2024,Mogi,1435.8787536893199
2024,Paulistano,1614.5327910171793
2024,Franca,1930.2605203092764
2024,Flamengo,1904.1692247922574
2024,Corinthians,1569.5717066887732
2024,Pato Basquete,1541.7074114352868
2024,UNIFACISA,1581.1814763654343
2024,Brasília,1252.5440528641636
2024,Mogi,1409.1470952984737
2024,Flamengo,1906.9147638020966
2024,Pinheiros,1521.3055861670468
2024,São Paulo,1721.7648649119417
2024,Bauru,1670.1189541571075
2024,Basquete Cearense,1483.8485049417748
2024,Botafogo,1437.4574024714025
2024,Paulistano,1596.0147867146695
2024,Bauru,1688.6369584596173
2024,Franca,1933.2941025654022
2024,Pato Basquete,1538.673829179161
2024,Basquete Cearense,1479.1152890009014
2024,Flamengo,1911.64797974297
2024,Pinheiros,1511.8896894660393
2024,Minas,1795.3751094734541
2024,UNIFACISA,1591.0723116007762
2024,Botafogo,1427.5665672360606
2024,São Paulo,1730.6236954933327
2024,Paulistano,1587.1559561332786
2024,Corinthians,1557.4635864396605
2024,Minas,1807.4832297225669
2024,Caxias do Sul Basquete,1321.8133646225378
2024,Pato Basquete,1513.9207951137992
2024,Pinheiros,1476.2294521890774
2024,Brasília,1288.2042901411255
2024,Bauru,1716.880765596428
2024,Franca,1905.0502954285914
2024,Basquete Cearense,1464.7318435319073
2024,Vasco da Gama,1613.2083327435603
2024,UNIFACISA,1583.775255585038
2024,Flamengo,1918.945035758708
2024,Mogi,1439.0751713494153
2024,São Paulo,1700.695619442391
2024,Paulistano,1596.4704882857857
2024,Botafogo,1418.2520350835534
2024,Corinthians,1524.4276604091685
2024,Brasília,1321.2402161716175
2024,Bauru,1721.359382733325
2024,São José,1422.7309529365511
2024,União Corinthians,1405.4101396715157
2024,Pato Basquete,1489.5563725849483
2024,UNIFACISA,1562.2492083980992
2024,Vasco da Gama,1634.734379930499
2024,Flamengo,1919.9219046350556
2024,Caxias do Sul Basquete,1320.8364957461902
2024,Franca,1867.1421839406755
2024,São José,1460.639064424467
2024,Paulistano,1570.578224549053
2024,Corinthians,1550.3199241459013
2024,São Paulo,1668.3896627035
2024,Pinheiros,1508.5354089279683
2024,Brasília,1341.9115599398096
2024,Basquete Cearense,1444.0604997637151
2024,Botafogo,1394.3733229941101
2024,União Corinthians,1429.288851760959
2024,Franca,1869.390697472958
2024,Mogi,1436.8266578171329
2024,Minas,1810.938864116069
2024,Basquete Cearense,1440.604865370213
2024,Vasco da Gama,1638.8550931686082
2024,Caxias do Sul Basquete,1316.715782508081
2024,São Paulo,1694.4152210281204
2024,Flamengo,1893.8963463104353
2024,Bauru,1725.5529602052275
2024,Mogi,1432.6330803452304
2024,São José,1443.046899934098
2024,Paulistano,1588.170389039422
2024,Brasília,1368.629101829778
2024,UNIFACISA,1535.531666508131
2024,Vasco da Gama,1610.2493365179419
2024,União Corinthians,1457.8946084116253
2024,Corinthians,1543.1343526727226
2024,Franca,1876.5762689461367
2024,Botafogo,1368.2159917282547
2024,Caxias do Sul Basquete,1342.8731137739364
2024,Minas,1815.329972584155
2024,UNIFACISA,1531.1405580400449
2024,Basquete Cearense,1466.8344646815299
2024,Paulistano,1561.940789728105
2024,São José,1473.355253403294
2024,São Paulo,1664.1068675589245
2024,Pinheiros,1543.0554038039102
2024,Franca,1842.0562740701948
2024,Flamengo,1896.1972112143906
2024,União Corinthians,1455.59374350767
2024,Pato Basquete,1473.382615679198
2024,Vasco da Gama,1626.4230934236923
2024,Corinthians,1571.1389951501208
2024,Bauru,1697.5483177278293
2024,Flamengo,1897.6162763049508
2024,Botafogo,1366.7969266376945
2024,Basquete Cearense,1456.3924652890678
2024,São Paulo,1674.5488669513866
2024,União Corinthians,1449.2012304845384
2024,Minas,1821.7224856072867
2024,UNIFACISA,1508.339641810089
2024,Paulistano,1584.741705958061
2024,Caxias do Sul Basquete,1322.3725541856677
2024,Brasília,1389.1296614180467
2024,Pinheiros,1528.8830884503018
2024,Bauru,1711.7206330814377
2024,São José,1487.7143663792162
2024,Mogi,1418.2739673693081
2024,Botafogo,1393.121195417498
2024,Vasco da Gama,1600.0988246438887
2024,Flamengo,1912.2691799880804
2024,Franca,1827.4033703870653
2024,Caxias do Sul Basquete,1319.2219164778562
2024,Minas,1824.8731233150984
2024,União Corinthians,1426.1052210025694
2024,Brasília,1412.2256709000158
2024,Vasco da Gama,1614.3375304662968
2024,Corinthians,1556.9002893277127
2024,Pato Basquete,1492.564715055482
2024,Paulistano,1565.5596065817767
2024,UNIFACISA,1532.0473515570452
2024,São Paulo,1650.8411572044304
2024,Bauru,1717.2622343188311
2024,Basquete Cearense,1450.8508640516743
2024,São José,1496.813163529783
2024,Caxias do Sul Basquete,1310.1231193272895
2024,Mogi,1397.7681058314863
2024,União Corinthians,1446.6110825403912
2024,Corinthians,1530.2752230933263
2024,Pinheiros,1555.5081546846882
2024,Pato Basquete,1504.7417866109065
2024,Botafogo,1380.9441238620736
2024,São José,1511.3136664071974
2024,União Corinthians,1432.1105796629768
2024,Franca,1830.6679448345901
2024,Basquete Cearense,1447.5862896041494
2024,Mogi,1408.456207949791
2024,Caxias do Sul Basquete,1299.4350172089848
2024,Flamengo,1883.9924919351536
2024,Minas,1853.1498113680252
2024,Bauru,1725.0191733548777
2024,UNIFACISA,1524.2904125209986
2024,São José,1527.7856583667995
2024,Corinthians,1513.8032311337242
2024,Franca,1798.8383091872336
2024,UNIFACISA,1556.1200481683552
2024,Botafogo,1377.2200367303867
2024,Minas,1856.8738984997121
2024,Mogi,1392.3589472457859
2024,Pinheiros,1571.6054153886932
2024,Pato Basquete,1499.4429641166569
2024,Flamengo,1889.2913144294032
2024,Caxias do Sul Basquete,1295.3782664296016
2024,Bauru,1729.075924134261
2024,Paulistano,1545.9461250118595
2024,Vasco da Gama,1633.951012036214
2024,Minas,1860.4967903569452
2024,Pato Basquete,1495.8200722594238
2024,União Corinthians,1462.3746292299988
2024,Bauru,1698.8118745672389
2024,Botafogo,1354.1759987267042
2024,Brasília,1435.2697089036983
2024,Caxias do Sul Basquete,1292.6331006883465
2024,Franca,1801.5834749284886
2024,Basquete Cearense,1460.7062230614056
2024,Mogi,1379.2390137885297
2024,UNIFACISA,1571.4150419300424
2024,São José,1512.4906646051122
2024,São Paulo,1629.108752906756
2024,Vasco da Gama,1655.6834163338883
2024,União Corinthians,1455.2505747956895
2024,Franca,1808.707529362798
2024,Flamengo,1891.1652991577275
2024,Brasília,1433.395724175374
2024,Basquete Cearense,1438.868529796737
2024,São José,1534.3283578697808
2024,UNIFACISA,1541.7830054823994
2024,Mogi,1408.8710502361728
2024,Vasco da Gama,1685.0140230350664
2024,Minas,1831.166183655767
2024,Paulistano,1558.0859782957464
2024,União Corinthians,1443.1107215118027
2024,São Paulo,1632.812742518711
2024,Caxias do Sul Basquete,1288.9291110763916
2024,Paulistano,1563.3139984295524
2024,Caxias do Sul Basquete,1283.7010909425856
2024,Vasco da Gama,1651.0792364305898
2024,Brasília,1467.3305107798506
2024,Corinthians,1526.2714503388368
2024,Basquete Cearense,1426.4003105916245
2024,Pinheiros,1548.6948823235277
2024,UNIFACISA,1564.693538547565
2024,São Paulo,1600.4906720279596
2024,União Corinthians,1475.4327920025542
2024,Bauru,1705.6655987043396
2024,Pato Basquete,1488.966348122323
2024,Corinthians,1507.3183621407452
2024,UNIFACISA,1583.6466267456565
2024,Pinheiros,1557.685534292095
2024,Basquete Cearense,1417.409658623057
2024,São Paulo,1606.4015911751874
2024,Botafogo,1348.2650795794764
2024,Brasília,1483.6052658008532
2024,Pato Basquete,1472.6915931013204
2024,São José,1515.843429911357
2024,Pinheiros,1576.170462250519
2024,Mogi,1393.4480366887328
2024,Corinthians,1522.7413756881851
2024,Botafogo,1376.6041666314272
2024,Bauru,1677.3265116523887
2024,Brasília,1463.9839087139742
2024,Paulistano,1582.9353555164314
2024,UNIFACISA,1554.8932201285647
2024,Basquete Cearense,1446.1630652401489
2024,Pato Basquete,1490.091274269657
2024,São José,1498.4437487430203
2024,Minas,1836.46926047796
2024,Paulistano,1577.6322786942385
2024,Flamengo,1898.2919639722734
2024,Bauru,1670.1998468378429
2024,Brasília,1450.6869111110313
2024,São Paulo,1619.6985887781302
2024,Vasco da Gama,1635.6543288812545
2024,Franca,1824.1324369121332
2024,Caxias do Sul Basquete,1275.4763476403837
2024,Pinheiros,1584.3952055527209
2024,Pato Basquete,1460.3260640978115
2024,Mogi,1423.2132468605785
2024,União Corinthians,1495.473330053569
2024,Corinthians,1502.7008376371703
2024,Minas,1843.451755850235
2024,São Paulo,1612.7160934058552
2024,Paulistano,1570.0949685456872
2024,Flamengo,1905.8292741208247
2024,União Corinthians,1516.3698646931714
2024,Pinheiros,1563.4986709131185
2024,Botafogo,1372.6221599539856
2024,Franca,1828.1144435895749
2024,Vasco da Gama,1655.2509436391551
2024,Bauru,1650.6032320799422
2024,Caxias do Sul Basquete,1299.6856081824849
2024,Corinthians,1478.491577095069
2024,Minas,1851.0179375982955
2024,Bauru,1643.0370503318818
2024,Pato Basquete,1480.8723519623147
2024,Pinheiros,1542.9523830486153
2024,União Corinthians,1498.609914723692
2024,UNIFACISA,1572.653170098044
2024,Flamengo,1869.6928200845032
2024,São José,1534.5802027793418
2024,Botafogo,1392.4344628678118
2024,Mogi,1403.4009439467522
2024,Brasília,1482.8471497174007
2024,Franca,1795.9542049832055
2024,Caxias do Sul Basquete,1321.8841957185996
2024,Basquete Cearense,1423.9644777040342
2024,Paulistano,1587.4667857342458
2024,São Paulo,1595.3442762172965
2024,Minas,1865.4709820316386
2024,Franca,1781.5011605498623
2024,Brasília,1508.4598218942785
2024,Bauru,1617.424378155004
2024,Caxias do Sul Basquete,1311.6198027026437
2024,UNIFACISA,1582.917563114
2024,União Corinthians,1511.345296440814
2024,Basquete Cearense,1411.2290959869122
2024,Vasco da Gama,1627.174464603307
2024,São José,1562.65668181519
2024,Flamengo,1871.6679979469563
2024,Mogi,1401.425766084299
2024,Pato Basquete,1457.5674460230161
2024,Corinthians,1501.7964830343676
2024,Corinthians,1527.0974528686966
2024,Vasco da Gama,1601.873494768978
2024,Pinheiros,1552.2942378956823
2024,Botafogo,1383.0926080207448
2024,Paulistano,1595.480040688212
2024,Mogi,1393.4125111303329
2024,UNIFACISA,1593.4239317615895
2024,Pato Basquete,1447.0610773754265
2024,Bauru,1630.7373077661082
2024,São Paulo,1582.0313466061923
2024,Corinthians,1535.9107429954224
2024,Botafogo,1374.279317894019
2024,Pinheiros,1572.7004937037657
2024,Vasco da Gama,1581.4672389608945
2024,São José,1576.8560372259694
2024,Brasília,1494.2604664834992
2024,Basquete Cearense,1428.2448826010072
2024,Pato Basquete,1430.0452907613314
2024,União Corinthians,1517.4727460185852
2024,Caxias do Sul Basquete,1305.4923531248726
2024,Mogi,1417.0297408391089
2024,Brasília,1470.6432367747232
2024,Vasco da Gama,1596.4188842300716
2024,UNIFACISA,1578.4722864924124
2024,Botafogo,1361.913039255435
2024,UNIFACISA,1590.8385651309964
2024,Corinthians,1568.3826672999896
2024,Flamengo,1839.1960736423891
2024,São Paulo,1550.3311563301065
2024,Mogi,1448.7299311151946
2024,Vasco da Gama,1603.5081000946407
2024,Basquete Cearense,1421.1556667364382
2024,Pinheiros,1562.697896424811
2024,Flamengo,1849.1986709213438
2024,Franca,1753.6033755683272
2024,Paulistano,1623.3778256697472
2024,Bauru,1606.4743809749655
2024,Paulistano,1647.6407524608899
2024,Pato Basquete,1440.5875709485983
2024,Caxias do Sul Basquete,1294.9500729376057
2024,São José,1608.3967443125875
2024,Minas,1833.9302749450205
2024,Botafogo,1342.080426697667
2024,Basquete Cearense,1440.9882792942062
2024,Franca,1760.808281743284
2024,São Paulo,1543.1262501551498
2024,Pato Basquete,1460.8186343754153
2024,União Corinthians,1497.2416825917683
2024,Brasília,1490.9074216229303
2024,Corinthians,1548.1184824517825
2024,Mogi,1443.3467442300775
2024,Minas,1839.3134618301376
2024,São Paulo,1523.6369538563026
2024,São José,1627.8860406114347
2024,Caxias do Sul Basquete,1325.6171473339914
2024,Vasco da Gama,1572.841025698255
2024,Mogi,1467.920012111182
2024,São José,1603.3127727303304
2024,São Paulo,1499.7845852699659
2024,Corinthians,1571.9708510381192
2024,UNIFACISA,1602.5288962591815
2024,Brasília,1479.2170904947452
2024,Pato Basquete,1447.285194452288
2024,Bauru,1620.0078208980929
2024,Pinheiros,1544.5438528651403
2024,Paulistano,1665.7947960205606
2024,União Corinthians,1518.684198767425
2024,Vasco da Gama,1551.3985095225983
2024,Caxias do Sul Basquete,1343.2907399290834
2024,Botafogo,1324.406834102575
2024,Basquete Cearense,1418.1427957406352
2024,Brasília,1502.0625740483163
2024,Pinheiros,1558.5408626456203
2024,São Paulo,1485.7875754894858
2024,União Corinthians,1526.3961142989244
2024,Botafogo,1316.6949185710755
2024,Mogi,1452.2534274687362
2024,Bauru,1635.6744055405386
2024,Corinthians,1593.6808286645837
2024,Paulistano,1644.0848183940961
2024,Brasília,1510.4638221923597
2024,Caxias do Sul Basquete,1334.88949178504
2024,São Paulo,1505.9267944305075
2024,UNIFACISA,1582.3896773181598
2024,Minas,1805.5474805850918
2024,Corinthians,1627.4468099096296
2024,Paulistano,1659.015547778647
2024,São José,1588.3820433457795
2024,Flamengo,1851.2854522878047
2024,Basquete Cearense,1416.0560143741743
2024,Brasília,1529.3798612739122
2024,União Corinthians,1507.480075217372
2024,Mogi,1444.5344446352829
2024,Franca,1768.5272645767373
2024,Vasco da Gama,1562.80008863824
2024,Pato Basquete,1435.8836153366462
2024,Minas,1811.438330287874
2024,Pinheiros,1552.6500129428382
2024,Flamengo,1856.6948019239894
2024,UNIFACISA,1576.980327681975
2024,Botafogo,1341.0044945969585
2024,Pato Basquete,1411.5740393107633
2024,Bauru,1651.796628072482
2024,Corinthians,1611.3245873776862
2024,São José,1573.5015722631254
2024,Franca,1783.4077356593914
2024,Brasília,1544.8875626574606
2024,Pinheiros,1537.1423115592897
2024,Paulistano,1634.9662066321089
2024,UNIFACISA,1601.0296688285132
2024,São José,1593.150269636832
2024,Bauru,1632.1479306987753
2024,Franca,1791.6469743479634
2024,Corinthians,1603.0853486891142
2024,Basquete Cearense,1411.2420818158296
2024,Minas,1816.2522628462186
2024,Flamengo,1858.7657539361571
2024,Pato Basquete,1409.5030872985956
2024,Vasco da Gama,1574.1445830259856
2024,Mogi,1433.1899502475371
2024,Botafogo,1367.8236081834643
2024,São José,1566.3311560503262
2024,União Corinthians,1501.5992178946142
2024,Flamengo,1864.6466112589148
2024,UNIFACISA,1590.9631183889767
2024,Minas,1826.3188132857551
2024,Franca,1797.2112058486664
2024,Pinheiros,1531.5780800585867
2024,São Paulo,1479.998371989809
2024,Basquete Cearense,1437.1705042565281
2024,Bauru,1642.287388249781
2024,Pinheiros,1521.438622507581
2024,Caxias do Sul Basquete,1368.342837298789
2024,Flamengo,1831.193265745166
2024,Paulistano,1605.8707406220371
2024,Basquete Cearense,1466.2659702665999
2024,Corinthians,1579.3507084347884
2024,São José,1590.065796304652
2024,Vasco da Gama,1585.8109710017122
2024,São Paulo,1468.3319840140823
2024,Basquete Cearense,1453.008348564428
2024,Bauru,1655.545009951953
2024,Pinheiros,1533.7858249405776
2024,Mogi,1420.8427478145404
2024,Caxias do Sul Basquete,1390.846989412082
2024,São Paulo,1445.8278319007893
2024,Vasco da Gama,1592.7529177640267
2024,Botafogo,1360.8816614211498
2024,Pato Basquete,1435.1627353363124
2024,Brasília,1519.2279146197438
2024,UNIFACISA,1609.0446091008382
2024,Bauru,1637.4635192400915
2024,Caxias do Sul Basquete,1416.7901324722268
2024,Paulistano,1579.9275975618923
2024,Corinthians,1588.7948542036988
2024,Mogi,1411.39860204563
2024,União Corinthians,1516.1342147936377
2024,São Paulo,1431.2928350017658
2024,Brasília,1528.7863051056033
2024,Botafogo,1351.3232709352903
2024,União Corinthians,1535.0046803832251
2024,Paulistano,1561.057131972305
2024,Pinheiros,1553.3634187864106
2024,São José,1570.488202458819
2024,Franca,1806.6763499115402
2024,Bauru,1627.9983751772177
2024,Minas,1844.5597954365608
2024,Flamengo,1812.9522835943603
2024,Minas,1846.9659639825393
2024,Caxias do Sul Basquete,1414.3839639262483
2024,Paulistano,1529.7281527416872
2024,Pato Basquete,1466.49171456693
2024,UNIFACISA,1596.350690458034
2024,Franca,1819.3702685543444
2024,Flamengo,1819.2670646554654
2024,Vasco da Gama,1586.4381367029216
2024,Basquete Cearense,1447.2161709336713
2024,Franca,1825.162446185101
2024,São Paulo,1411.7040375119898
2024,Pato Basquete,1486.080512056706
2024,Botafogo,1347.9583792068383
2024,Flamengo,1822.6319563839174
2024,Pinheiros,1571.2954415591587
2024,Corinthians,1570.8628314309508
2024,Bauru,1635.2139737177731
2024,Caxias do Sul Basquete,1407.1683653856928
2024,Minas,1851.2123514625123
2024,União Corinthians,1530.7582929032521
2024,São José,1581.0883531984664
2024,Basquete Cearense,1436.6160201940238
2024,Franca,1827.9052522798197
2024,Caxias do Sul Basquete,1404.4255592909742
2024,Mogi,1397.6918482328845
2024,UNIFACISA,1610.0574442707796
2024,Brasília,1521.3114564811697
2024,Minas,1858.687200086946
2024,Vasco da Gama,1600.207445253402
2024,Paulistano,1515.9588441912067
2024,São José,1599.6380496986708
2024,UNIFACISA,1591.5077477705752
2024,Franca,1832.70287344338
2024,União Corinthians,1525.9606717396919
2024,Mogi,1416.8217167809146
2024,Basquete Cearense,1417.4861516459937
2024,Pato Basquete,1481.0153854408618
2024,Minas,1863.7523267027902
2024,Botafogo,1332.9907583656732
2024,Paulistano,1530.9264650323719
2024,Flamengo,1825.2800959552658
2024,São Paulo,1409.0558979406414
2024,Bauru,1646.9056723413871
2024,União Corinthians,1514.2689731160779
2024,Brasília,1504.9199032298795
2024,Vasco da Gama,1616.5989985046922
2024,Botafogo,1350.490935850733
2024,São Paulo,1391.5557204555816
2024,Pato Basquete,1474.792931754536
2024,Franca,1838.9253271297057
2024,Flamengo,1829.7210117704024
2024,Paulistano,1526.4855492172353
2024,Minas,1869.3775920588803
2024,Vasco da Gama,1610.9737331486022
2024,Basquete Cearense,1443.1946387006064
2024,Corinthians,1545.154344376338
2024,UNIFACISA,1607.6843548100733
2024,Pinheiros,1555.1188345196606
2024,Brasília,1497.8421348791971
2024,Flamengo,1836.7987801210847
2024,Minas,1870.917621266006
2024,Botafogo,1348.9509066436071
2024,União Corinthians,1532.215472990446
2024,São José,1581.6915498243027
2024,Caxias do Sul Basquete,1421.0925152946966
2024,Mogi,1400.1547607771922
2024,Basquete Cearense,1426.3408747367955
2024,Pinheiros,1571.9725984834715
2024,Franca,1845.8776667890572
2024,Vasco da Gama,1604.0213934892506
2024,UNIFACISA,1581.1913738530782
2024,Corinthians,1571.6473253333331
2024,União Corinthians,1542.679038587597
2024,Mogi,1389.6911951800412
2024,Caxias do Sul Basquete,1407.958217535328
2024,São José,1594.8258475836712
2024,São Paulo,1425.1243335445874
2024,Minas,1837.3490081770003
2024,Franca,1847.5244097144605
2024,Botafogo,1347.3041637182039
2024,Bauru,1635.154641482755
2024,Flamengo,1848.5498109797168
2024,Paulistano,1518.8490139430141
2024,Minas,1844.9855434512215
2024,Franca,1863.3299230994264
2024,Flamengo,1832.7442975947508
2024,Mogi,1411.84840711721
2024,Pato Basquete,1452.6357198173673
2024,Pinheiros,1588.476233129156
2024,União Corinthians,1526.1754039419125
2024,Corinthians,1579.7206392630578
2024,Caxias do Sul Basquete,1399.8849036056033
2024,Basquete Cearense,1451.1063371046323
2024,UNIFACISA,1556.4259114852414
2024,Bauru,1649.2821305711534
2024,Vasco da Gama,1589.8939044008523
2024,Paulistano,1534.5489401045863
2024,Brasília,1482.142208717625
2024,São José,1563.7900109742995
2024,Pato Basquete,1483.671556426739
2024,Corinthians,1594.776316690138
2024,União Corinthians,1511.1197265148323
2024,Pinheiros,1596.550108448187
2024,Caxias do Sul Basquete,1391.8110282865723
2024,Bauru,1619.530667776786
2024,Botafogo,1377.0556265125713
2024,São Paulo,1444.7439534946302
2024,Brasília,1462.5225887675822
2024,UNIFACISA,1534.0748492636408
2024,Pinheiros,1618.9011706697877
2024,Paulistano,1556.9738657196003
2024,Bauru,1597.105742161772
2024,São José,1541.8449613891873
2024,Vasco da Gama,1611.8389539859645
2024,Caxias do Sul Basquete,1387.2788491526826
2024,Flamengo,1837.2764767286405
2024,Pato Basquete,1478.5554228676012
2024,Franca,1868.4460566585642
2024,São Paulo,1460.8184099905643
2024,Brasília,1446.448132271648
2024,Bauru,1612.3184560756986
2024,Paulistano,1541.7611518056738
2024,Pinheiros,1592.4100775422771
2024,UNIFACISA,1560.5659423911513
2024,Corinthians,1605.904620471734
2024,União Corinthians,1499.9914227332363
2024,Vasco da Gama,1624.0441975400006
2024,São José,1529.6397178351513
2024,Mogi,1407.558422040318
2024,Minas,1849.2755285281135
2024,Pinheiros,1604.8157176379711
2024,UNIFACISA,1548.1603022954573
2024,Flamengo,1804.3574536558415
2024,Caxias do Sul Basquete,1420.1978722254817
2024,Bauru,1588.7619026957511
2024,Paulistano,1565.3177051856212
2024,Vasco da Gama,1598.7509382034011
2024,São José,1554.9329771717507
2024,União Corinthians,1524.316197865965
2024,Corinthians,1581.5798453390053
2024,Brasília,1422.932006280358
2024,São Paulo,1484.3345359818543
2024,Minas,1851.5515196676379
2024,Mogi,1405.2824309007935
2024,Franca,1871.411317186598
2024,Pato Basquete,1475.5901623395675
2024,Flamengo,1806.92629249239
2024,Caxias do Sul Basquete,1417.629033388933
2024,União Corinthians,1503.792183757383
2024,Corinthians,1602.1038594475872
2024,Paulistano,1541.0114560310315
2024,Bauru,1613.0681518503409
2024,Brasília,1441.6740262306514
2024,São Paulo,1465.592516031561
2024,Minas,1853.7372677545054
2024,Mogi,1403.096682813926
2024,Franca,1874.2837848318595
2024,Pato Basquete,1472.717694694306
2024,UNIFACISA,1567.2686910785667
2024,Pinheiros,1585.7073288548618
2024,São José,1535.3975264564328
2024,Vasco da Gama,1618.286388918719
2024,Caxias do Sul Basquete,1411.9930696930123
2024,Flamengo,1812.5622561883108
2024,Corinthians,1613.168293848541
2024,União Corinthians,1492.7277493564293
2024,Bauru,1624.9628246585642
2024,Paulistano,1529.1167832228082
2024,São Paulo,1478.356314630218
2024,Brasília,1428.9102276319943
2024,Pinheiros,1601.7858827454006
2024,UNIFACISA,1551.1901371880278
2024,Vasco da Gama,1608.5223857933395
2024,Minas,1863.501270879885
2024,São Paulo,1463.0970733132388
2024,Bauru,1640.2220659755435
2024,Corinthians,1601.4069549465216
2024,Flamengo,1824.3235950903302
2024,Pinheiros,1592.4539325148266
2024,Franca,1883.6157350624335
2024,Minas,1869.1115163435998
2024,Vasco da Gama,1602.9121403296247
2024,Bauru,1648.781139376159
2024,São Paulo,1454.5379999126233
2024,Franca,1854.0743396417079
2024,Pinheiros,1621.9953279355523
2024,Flamengo,1789.1506100037795
2024,Corinthians,1636.5799400330723
2024,Minas,1874.7711218203062
2024,Vasco da Gama,1597.2525348529182
2024,Bauru,1655.6538730663162
2024,São Paulo,1447.665266222466
2024,Flamengo,1797.2632521634785
2024,Corinthians,1628.4672978733734
2024,Franca,1860.8455828348212
2024,Pinheiros,1615.224084742439
2024,Corinthians,1616.3910069137817
2024,Flamengo,1809.3395431230701
2024,Pinheiros,1643.5080917826745
2024,Franca,1832.5615757945857
2024,Franca,1840.9227896528043
2024,Pinheiros,1635.1468779244558
2024,Bauru,1643.7652871594514
2024,Minas,1886.659707727171
2024,Franca,1814.9312000663565
2024,Flamengo,1835.331132709518
2024,Minas,1892.1035911904514
2024,Bauru,1638.321403696171
2024,Flamengo,1811.6501980067458
2024,Franca,1838.6121347691287
2024,Minas,1897.370909072435
2024,Bauru,1633.0540858141874
2024,Flamengo,1829.9265038396316
2024,Franca,1820.335828936243
2024,Franca,1838.2443067280283
2024,Flamengo,1812.0180260478462
2024,Flamengo,1792.442516715695
2024,Franca,1857.8198160601794
2024,Franca,1838.4591062537875
2024,Minas,1916.731618878827
2024,Minas,1887.8950264901941
2024,Franca,1867.2956986424203
2024,Minas,1863.3368328000756
2024,Franca,1891.8538923325389
2024,Franca,1907.2575162092216
2024,Minas,1847.9332089233928
2025,Vasco da Gama,1558.9452604585967
2025,Basquete Cearense,1489.4136114989537
2025,Cruzeiro,1471.1237209886199
2025,São José,1564.273805467813
2025,Bauru,1614.1842713615229
2025,Flamengo,1811.3123311683596
2025,Minas,1854.7507163913979
2025,Corinthians,1609.5734994457766
2025,Rio Claro,1356.9687400497442
2025,Pinheiros,1645.192050213017
2025,Basket Osasco,1493.2752214235543
2025,Franca,1913.9822947856674
2025,Minas,1859.8370526214826
2025,São José,1559.1874692377282
2025,Paulistano,1554.9715061117035
2025,Bauru,1588.3295484726275
2025,Botafogo,1357.6171779646613
2025,Basquete Cearense,1508.8520600468637
2025,Caxias do Sul Basquete,1436.161017369906
2025,Pato Basquete,1448.5497470174123
2025,Pinheiros,1632.974724900535
2025,Franca,1926.1996200981494
2025,Flamengo,1818.148523377226
2025,UNIFACISA,1544.3539449791615
2025,Cruzeiro,1450.7769686961317
2025,Corinthians,1629.9202517382648
2025,Brasília,1451.4981670406578
2025,Basket Osasco,1470.6872820148908
2025,Botafogo,1391.895783813225
2025,Vasco da Gama,1524.666654610033
2025,Minas,1862.2124070349175
2025,Mogi,1400.721328400491
2025,União Corinthians,1508.9294895604298
2025,Pato Basquete,1432.3480068134118
2025,Flamengo,1823.9984293191915
2025,Basquete Cearense,1503.0021541048982
2025,Pinheiros,1652.0583741210323
2025,Bauru,1569.2458992521301
2025,Paulistano,1548.7800406362087
2025,Franca,1932.3910855736442
2025,Vasco da Gama,1499.1692511582112
2025,UNIFACISA,1569.8513484309833
2025,Cruzeiro,1416.0850319746878
2025,Mogi,1435.413265121935
2025,Basket Osasco,1447.8703714929013
2025,Bauru,1592.0628097741196
2025,Brasília,1468.0310488597552
2025,Rio Claro,1340.4358582306468
2025,Botafogo,1374.6327425360396
2025,UNIFACISA,1587.1143897081688
2025,Pato Basquete,1427.9027570203532
2025,Minas,1866.657656827976
2025,São José,1574.448600785166
2025,Vasco da Gama,1483.9081196107734
2025,Franca,1890.7518091790016
2025,Caxias do Sul Basquete,1477.8002937645485
2025,Bauru,1606.970381514471
2025,União Corinthians,1494.0219178200784
2025,Rio Claro,1370.8295342730264
2025,Paulistano,1518.386364593829
2025,Mogi,1454.1047510786802
2025,Botafogo,1355.9412565792943
2025,São José,1561.2982207630791
2025,Flamengo,1837.1488093412784
2025,Pato Basquete,1401.820133273001
2025,Cruzeiro,1442.16765572204
2025,Corinthians,1642.22654032733
2025,Vasco da Gama,1471.6018310217082
2025,Franca,1894.3249205549112
2025,União Corinthians,1490.448806444169
2025,Bauru,1619.681091182329
2025,Caxias do Sul Basquete,1465.0895840966905
2025,Rio Claro,1350.945159846023
2025,Basket Osasco,1467.7547459199047
2025,Brasília,1493.5975570755343
2025,Paulistano,1492.81985637805
2025,UNIFACISA,1602.8073429724839
2025,Basquete Cearense,1487.3092008405831
2025,Corinthians,1625.074529212426
2025,Flamengo,1854.3008204561825
2025,Cruzeiro,1436.8253462319612
2025,Minas,1871.999966318055
2025,Brasília,1477.9118106655253
2025,Pinheiros,1667.7441205310413
2025,Mogi,1477.7083483642568
2025,Vasco da Gama,1447.9982337361316
2025,São José,1570.4487205482312
2025,Botafogo,1346.7907567941422
2025,Caxias do Sul Basquete,1478.8626897248896
2025,Rio Claro,1337.1720542178239
2025,Mogi,1471.6789561390428
2025,Flamengo,1860.3302126813965
2025,Corinthians,1631.5665266903795
2025,Botafogo,1340.2987593161886
2025,Cruzeiro,1464.834552951216
2025,Bauru,1591.6718844630743
2025,Pinheiros,1677.3127827804149
2025,Basket Osasco,1458.1860836705312
2025,Minas,1895.3288188922934
2025,Franca,1870.9960679806727
2025,Paulistano,1518.8107685758423
2025,São José,1544.4578083504389
2025,Vasco da Gama,1417.7481148408287
2025,Pato Basquete,1432.0702521683038
2025,Basquete Cearense,1467.3764943387544
2025,Corinthians,1651.4992331922083
2025,Basket Osasco,1451.6297095604386
2025,Flamengo,1866.886586791489
2025,Caxias do Sul Basquete,1446.447513505022
2025,Brasília,1510.326986885393
2025,União Corinthians,1501.3779972484435
2025,Rio Claro,1326.2428634135492
2025,Cruzeiro,1458.8989421108006
2025,Franca,1876.931678821088
2025,Paulistano,1548.5876487953572
2025,Pinheiros,1647.5359025609
2025,UNIFACISA,1564.9349579000184
2025,Mogi,1509.5513412115083
2025,União Corinthians,1521.9771641732973
2025,Brasília,1489.7278199605391
2025,Botafogo,1366.6157345896572
2025,Pato Basquete,1405.7532768948352
2025,Rio Claro,1323.4332800133977
2025,Minas,1898.1384022924449
2025,UNIFACISA,1539.5334688874123
2025,Corinthians,1676.9007222048144
2025,Pinheiros,1657.3521500996037
2025,Caxias do Sul Basquete,1436.6312659663183
2025,Flamengo,1869.534822783277
2025,Pato Basquete,1403.1050409030472
2025,Basket Osasco,1428.6960014557455
2025,Paulistano,1571.5213569000503
2025,Basquete Cearense,1443.3476955422054
2025,Mogi,1533.5801400080572
2025,Franca,1878.9204199572582
2025,Botafogo,1364.626993453487
2025,Brasília,1527.921174278045
2025,Minas,1859.945047974939
2025,Pinheiros,1670.309882660528
2025,União Corinthians,1509.019431612373
2025,Corinthians,1689.7286794901538
2025,São José,1531.6298510650995
2025,Rio Claro,1356.0556331462833
2025,Cruzeiro,1426.276588977915
2025,Franca,1847.9954789825172
2025,Flamengo,1900.459763758018
2025,Basket Osasco,1448.450532208877
2025,Vasco da Gama,1397.9935840876974
2025,Pato Basquete,1382.73398262933
2025,UNIFACISA,1559.9045271611294
2025,Bauru,1598.6394428834735
2025,Botafogo,1357.659435033088
2025,Paulistano,1589.9235969833833
2025,União Corinthians,1490.61719152904
2025,Pato Basquete,1405.0810793767434
2025,Basquete Cearense,1421.000598794792
2025,Mogi,1544.9512908515542
2025,Rio Claro,1344.6844823027864
2025,Brasília,1542.5336999332458
2025,Cruzeiro,1411.6640633227144
2025,Paulistano,1581.6380655620276
2025,Flamengo,1908.7452951793737
2025,Minas,1862.8451054909697
2025,Basket Osasco,1445.5504746928461
2025,Bauru,1608.4761622357328
2025,Vasco da Gama,1388.1568647354381
2025,UNIFACISA,1532.8483783943711
2025,São José,1558.6859998318578
2025,Franca,1850.6778898858888
2025,Vasco da Gama,1385.4744538320665
2025,União Corinthians,1505.4200185670095
2025,Caxias do Sul Basquete,1421.8284389283488
2025,Mogi,1558.1094514946992
2025,Pato Basquete,1391.9229187335984
2025,Cruzeiro,1436.522907899477
2025,Basket Osasco,1420.6916301160834
2025,Minas,1869.626158177878
2025,Paulistano,1574.8570128751192
2025,UNIFACISA,1560.7137135113069
2025,Bauru,1580.610827118797
2025,Basquete Cearense,1401.7044601274958
2025,São José,1577.982138499154
2025,Botafogo,1340.9790823802848
2025,Brasília,1559.2140525860489
2025,Corinthians,1695.73342423486
2025,Pato Basquete,1385.9181739888922
2025,Flamengo,1869.159225717281
2025,Brasília,1598.8001220481415
2025,Basquete Cearense,1437.0043331199784
2025,Bauru,1545.3109541263145
2025,UNIFACISA,1550.0131290264726
2025,Franca,1861.378474370723
2025,Cruzeiro,1415.7687584864307
2025,Paulistano,1595.6111622881656
2025,Botafogo,1362.5108583333636
2025,Rio Claro,1323.1527063497076
2025,Minas,1832.3009080700194
2025,Pinheiros,1707.6351327683865
2025,Basket Osasco,1393.9986183375474
2025,Caxias do Sul Basquete,1448.5214507068847
2025,Mogi,1576.9900844300678
2025,União Corinthians,1486.539385631641
2025,Flamengo,1870.6683006023563
2025,Rio Claro,1321.6436314646323
2025,São José,1587.8542450122925
2025,Pato Basquete,1376.0460674757537
2025,Minas,1837.9758528289708
2025,Bauru,1539.6360093673632
2025,Paulistano,1607.3661994285944
2025,Caxias do Sul Basquete,1436.7664135664559
2025,Cruzeiro,1405.0780600406558
2025,Pinheiros,1718.3258312141613
2025,Basquete Cearense,1431.4379613659542
2025,Franca,1866.9448461247473
2025,Vasco da Gama,1369.7452424183784
2025,Brasília,1614.5293334618295
2025,Basket Osasco,1418.3895579462499
2025,União Corinthians,1462.1484460229385
2025,Mogi,1558.418573685823
2025,Corinthians,1714.3049349791047
2025,Vasco da Gama,1340.712335041751
2025,Rio Claro,1350.6765388412598
2025,Caxias do Sul Basquete,1456.0599741594156
2025,Cruzeiro,1385.7844994476961
2025,Basket Osasco,1435.1689236658842
2025,Botafogo,1345.7314926137292
2025,Franca,1878.1864474873769
2025,Corinthians,1703.0633336164751
2025,Bauru,1514.7008307163417
2025,São José,1612.789423663314
2025,Caxias do Sul Basquete,1448.971773844095
2025,Minas,1845.0640531442914
2025,União Corinthians,1477.9600557325496
2025,Cruzeiro,1369.972889738085
2025,Pinheiros,1751.2717411756175
2025,Flamengo,1837.7223906409001
2025,Paulistano,1614.7099334182221
2025,Botafogo,1338.3877586241015
2025,Basket Osasco,1412.9134731516717
2025,Mogi,1580.6740242000355
2025,Rio Claro,1335.7438804148808
2025,UNIFACISA,1564.9457874528516
2025,Brasília,1624.821165378757
2025,Basquete Cearense,1421.1461294490266
2025,Franca,1885.2587273650092
2025,São José,1605.7171437856816
2025,União Corinthians,1471.454594641137
2025,Minas,1851.569514235704
2025,Brasília,1639.7236023317141
2025,UNIFACISA,1550.0433504998946
2025,Flamengo,1841.5346830716742
2025,Caxias do Sul Basquete,1445.159481413321
2025,Pato Basquete,1412.0585779199255
2025,Paulistano,1578.6974229740504
2025,Rio Claro,1359.6796672889009
2025,Basquete Cearense,1397.2103425750065
2025,Botafogo,1318.176716387958
2025,Caxias do Sul Basquete,1465.3705236494643
2025,Rio Claro,1334.699113618713
2025,Pato Basquete,1437.0391315901134
2025,Basquete Cearense,1418.2696244052784
2025,Basket Osasco,1391.8541913213999
2025,Bauru,1548.5387469400216
2025,Corinthians,1669.2254173927952
2025,São José,1629.6213432741883
2025,Brasília,1615.8194028432074
2025,Pinheiros,1762.1701747432767
2025,Mogi,1569.7755906323764
2025,Paulistano,1539.9533026726408
2025,Vasco da Gama,1379.4564553431605
2025,Bauru,1568.8562624152903
2025,Mogi,1549.4580751571077
2025,São José,1635.9466860301095
2025,Rio Claro,1328.3737708627918
2025,UNIFACISA,1561.8144533064055
2025,Basket Osasco,1380.083088514889
2025,Corinthians,1686.7897123711552
2025,Brasília,1598.2551078648473
2025,Pinheiros,1765.9175412293798
2025,Vasco da Gama,1375.7090888570574
2025,Botafogo,1298.2786234756938
2025,União Corinthians,1491.3526875534012
2025,Basquete Cearense,1396.0384423275232
2025,Paulistano,1562.184484750396
2025,Pato Basquete,1417.5767524992627
2025,Bauru,1588.318641506141
2025,Corinthians,1690.9156908662299
2025,Rio Claro,1324.2477923677172
2025,São José,1595.3960279132402
2025,Caxias do Sul Basquete,1505.9211817663336
2025,UNIFACISA,1546.627167526828
2025,Pinheiros,1781.1048270089573
2025,Mogi,1523.406466228866
2025,Brasília,1624.306716793089
2025,Cruzeiro,1387.2396884053019
2025,Botafogo,1281.011824808477
2025,Vasco da Gama,1355.4213180402453
2025,União Corinthians,1511.6404583702133
2025,Basket Osasco,1372.0982905760436
2025,Corinthians,1698.9004888050752
2025,UNIFACISA,1568.84330478205
2025,Paulistano,1539.9683474951742
2025,Flamengo,1846.5747680825514
2025,União Corinthians,1506.6003733593361
2025,Minas,1852.8157564518333
2025,Botafogo,1279.7655825923478
2025,Basquete Cearense,1388.502559217647
2025,Pinheiros,1788.6407101188333
2025,Pato Basquete,1412.8833037861684
2025,Franca,1889.9521760781035
2025,Vasco da Gama,1381.6568746937921
2025,Caxias do Sul Basquete,1479.6856251127867
2025,São José,1612.241134800319
2025,Mogi,1506.5613593417872
2025,Franca,1895.7839212276112
2025,Bauru,1582.4868963566332
2025,Pato Basquete,1431.5458223804824
2025,Basket Osasco,1353.4357719817297
2025,Caxias do Sul Basquete,1506.4935860306741
2025,UNIFACISA,1542.0353438641625
2025,Cruzeiro,1382.5594022651144
2025,Flamengo,1851.2550542227389
2025,Minas,1855.10109862524
2025,Vasco da Gama,1379.3715325203855
2025,Pinheiros,1804.9336322079157
2025,Corinthians,1682.6075667159928
2025,União Corinthians,1521.2131932450454
2025,Basquete Cearense,1373.8897393319378
2025,Bauru,1589.7057937380068
2025,Rio Claro,1317.0288949863436
2025,Minas,1829.4971059134566
2025,Flamengo,1876.8590469345222
2025,Franca,1899.5748222585635
2025,Mogi,1502.770458310835
2025,Paulistano,1568.7492789466357
2025,Corinthians,1653.8266352645312
2025,Caxias do Sul Basquete,1519.4716570811775
2025,Basquete Cearense,1360.9116682814345
2025,União Corinthians,1542.6227326929513
2025,UNIFACISA,1520.6258044162566
2025,Cruzeiro,1401.3047670345768
2025,Vasco da Gama,1360.626167750923
2025,Pinheiros,1814.7768337597756
2025,São José,1602.3979332484591
2025,Brasília,1634.1467768214895
2025,Pato Basquete,1421.7057623520818
2025,Corinthians,1667.6157650712714
2025,Caxias do Sul Basquete,1505.6825272744372
2025,Basquete Cearense,1356.3180448170085
2025,Minas,1834.0907293778826
2025,Franca,1906.084802297663
2025,Brasília,1627.63679678239
2025,Paulistano,1585.7143106941035
2025,Mogi,1485.8054265633673
2025,Pinheiros,1816.3938614106212
2025,Botafogo,1278.1485549415022
2025,São José,1616.8776985880152
2025,União Corinthians,1528.1429673533953
2025,Vasco da Gama,1356.9998895994647
2025,Flamengo,1880.4853250859805
2025,UNIFACISA,1533.4663334315367
2025,Cruzeiro,1388.4642380192968
2025,Franca,1907.2233128203393
2025,Rio Claro,1315.8903844636673
2025,Basquete Cearense,1329.9180842763467
2025,Cruzeiro,1414.8641985599586
2025,Bauru,1564.8923246790796
2025,Brasília,1652.450265841317
2025,Pato Basquete,1414.7654127764008
2025,Pinheiros,1823.3342109863022
2025,Basket Osasco,1340.8685673862358
2025,São José,1629.444903183509
2025,UNIFACISA,1524.1244179907299
2025,Minas,1843.4326448186894
2025,Mogi,1508.8161457641459
2025,Caxias do Sul Basquete,1482.6718080736587
2025,Flamengo,1881.6814547206939
2025,Botafogo,1276.9524253067889
2025,Corinthians,1679.8750539615514
2025,União Corinthians,1515.8836784631153
2025,UNIFACISA,1559.5531555533782
2025,Flamengo,1846.2527171580455
2025,Franca,1908.6782119284142
2025,Basket Osasco,1339.413668278161
2025,Corinthians,1661.098577392557
2025,Minas,1862.2091213876838
2025,São José,1646.5685567093265
2025,Paulistano,1568.590657168286
2025,Pato Basquete,1391.5557848312267
2025,Caxias do Sul Basquete,1505.8814360188328
2025,Rio Claro,1306.9521484432337
2025,Brasília,1661.3885018617507
2025,Basquete Cearense,1326.6656363721643
2025,Flamengo,1849.505165062228
2025,Corinthians,1668.5535345167827
2025,Cruzeiro,1407.4092414357328
2025,Franca,1924.2937978990306
2025,Pinheiros,1807.7186250156858
2025,Mogi,1552.4269560217367
2025,Minas,1818.598311130093
2025,Bauru,1572.8128192695522
2025,Basket Osasco,1331.4931736876883
2025,UNIFACISA,1567.616701475083
2025,Vasco da Gama,1348.93634367776
2025,Bauru,1608.140398482374
2025,Pinheiros,1772.391045802864
2025,Pato Basquete,1371.5862253656742
2025,União Corinthians,1535.8532379286678
2025,Brasília,1672.809386443467
2025,Caxias do Sul Basquete,1494.4605514371165
2025,Basquete Cearense,1300.808365040355
2025,Vasco da Gama,1374.7936150095693
2025,UNIFACISA,1573.4182477725233
2025,Botafogo,1271.1508790093485
2025,Flamengo,1858.9995824175908
2025,Corinthians,1659.0591171614199
2025,São José,1653.8810725863584
2025,Cruzeiro,1400.0967255587009
2025,Bauru,1580.43013333199
2025,Paulistano,1596.30092231867
2025,Basquete Cearense,1317.8946416181977
2025,Botafogo,1254.0646024315058
2025,Basket Osasco,1322.3628951620776
2025,Brasília,1681.9396649690777
2025,Pinheiros,1774.926661674264
2025,Rio Claro,1304.4165325718336
2025,Vasco da Gama,1364.24888508191
2025,Corinthians,1669.6038470890792
2025,União Corinthians,1574.6164355410206
2025,Franca,1885.5306002866778
2025,São José,1637.7117853612713
2025,Minas,1834.76759835518
2025,Caxias do Sul Basquete,1475.1114370311425
2025,Bauru,1599.779247737964
2025,Paulistano,1619.5635680757607
2025,Brasília,1658.677019211987
2025,Botafogo,1249.2809587669426
2025,Corinthians,1674.3874907536424
2025,Cruzeiro,1418.4451660746888
2025,Pato Basquete,1353.2377848496862
2025,Basquete Cearense,1306.46186775607
2025,UNIFACISA,1584.851021634651
2025,Basket Osasco,1295.915305484592
2025,Rio Claro,1330.8641222493193
2025,Vasco da Gama,1348.6460231176115
2025,Mogi,1568.0298179860351
2025,Minas,1836.8404586643135
2025,Pato Basquete,1351.1649245405529
2025,União Corinthians,1595.1893544645206
2025,Bauru,1579.2063288144639
2025,Caxias do Sul Basquete,1468.701407438447
2025,Franca,1891.9406298793733
2025,Botafogo,1292.26487831632
2025,São José,1594.727865811894
2025,Pinheiros,1787.565726195554
2025,Brasília,1646.0379546906972
2025,Flamengo,1864.5610433030809
2025,Mogi,1562.468357100545
2025,Pato Basquete,1322.0242687448067
2025,Vasco da Gama,1377.7866789133577
2025,Franca,1854.1803426367105
2025,Paulistano,1657.3238553184235
2025,Rio Claro,1359.8476556396213
2025,Caxias do Sul Basquete,1439.717874048145
2025,Brasília,1664.8032832468127
2025,União Corinthians,1576.4240259084052
2025,São José,1600.900366718026
2025,Basquete Cearense,1300.289366849938
2025,Basket Osasco,1291.7802050281562
2025,Pinheiros,1791.7008266519897
2025,Pato Basquete,1373.9193304467585
2025,Flamengo,1812.665981601129
2025,Rio Claro,1393.0380122822846
2025,União Corinthians,1543.2336692657418
2025,Botafogo,1324.4775906385478
2025,Mogi,1530.2556447783172
2025,Bauru,1588.9824408818217
2025,Cruzeiro,1408.669054007331
2025,São José,1620.307469037414
2025,UNIFACISA,1565.443919315263
2025,Paulistano,1661.4008010506275
2025,Basket Osasco,1287.7032592959522
2025,Brasília,1671.2466881707692
2025,Vasco da Gama,1371.3432739894013
2025,Corinthians,1678.4374885232103
2025,Basquete Cearense,1296.2393690803701
2025,Corinthians,1691.2511777734512
2025,UNIFACISA,1552.630230065022
2025,Mogi,1538.1693698633192
2025,Basquete Cearense,1288.3256439953682
2025,Bauru,1627.8138771543313
2025,Minas,1798.009022391804
2025,Caxias do Sul Basquete,1432.1453659037616
2025,Pinheiros,1799.273334796373
2025,União Corinthians,1522.1818576699793
2025,Paulistano,1682.45261264639
2025,Vasco da Gama,1360.4215704814014
2025,São José,1631.2291725454138
2025,Mogi,1558.8241107378944
2025,UNIFACISA,1531.9754891904468
2025,Pato Basquete,1392.8393819902494
2025,Botafogo,1305.5575390950569
2025,Franca,1872.0872832298646
2025,Minas,1780.1020817986498
2025,Caxias do Sul Basquete,1468.2936356546984
2025,Paulistano,1646.3043428954531
2025,União Corinthians,1559.6724645598172
2025,Pinheiros,1761.7827279065352
2025,Flamengo,1822.5328239966782
2025,São José,1621.3623301498646
2025,Franca,1874.6511757598062
2025,Cruzeiro,1406.1051614773894
2025,Rio Claro,1435.4791798552365
2025,Flamengo,1780.0916564237264
2025,Vasco da Gama,1348.017742617121
2025,Bauru,1640.2177050186117
2025,Mogi,1526.504677001481
2025,Cruzeiro,1438.4245952138028
2025,Minas,1791.5803401747742
2025,Brasília,1659.7684297946448
2025,Botafogo,1302.8344301488332
2025,Franca,1877.3742847060298
2025,Basquete Cearense,1314.6322127962437
2025,Pato Basquete,1366.5328131893739
2025,Corinthians,1701.6323599072166
2025,Mogi,1516.1234948677156
2025,Minas,1795.3072431204757
2025,Rio Claro,1431.7522769095349
2025,Flamengo,1804.0744471606754
2025,Franca,1853.3914939690808
2025,Botafogo,1294.8336807296719
2025,Bauru,1648.218454437773
2025,Cruzeiro,1424.973812735536
2025,Brasília,1673.2192122729116
2025,Pinheiros,1775.3730865934774
2025,Paulistano,1632.713984208511
2025,São José,1598.342403583685
2025,Corinthians,1724.6522864733963
2025,União Corinthians,1565.563760614671
2025,Basket Osasco,1281.8119632410983
2025,Flamengo,1764.2617336385485
2025,Bauru,1688.0311679599
2025,Cruzeiro,1447.1523562615905
2025,Rio Claro,1409.5737333834804
2025,UNIFACISA,1543.131752940373
2025,Pato Basquete,1355.3765494394477
2025,Vasco da Gama,1344.6807799791575
2025,Franca,1856.7284566070443
2025,Paulistano,1667.1722052730984
2025,Minas,1760.8490220558883
2025,Caxias do Sul Basquete,1478.5407742915806
2025,Basket Osasco,1271.564824604216
2025,Mogi,1542.7200978911444
2025,São José,1571.7458005602562
2025,Rio Claro,1378.953875742152
2025,Botafogo,1325.4535383710004
2025,Bauru,1692.2800476261966
2025,Basquete Cearense,1310.383333129947
2025,Caxias do Sul Basquete,1455.481322936164
2025,União Corinthians,1588.6232119700878
2025,São José,1577.6210426280666
2025,Basket Osasco,1265.6895825364056
2025,Mogi,1529.6894170851442
2025,Pinheiros,1788.4037673994776
2025,Paulistano,1679.5889311039894
2025,UNIFACISA,1530.715027109482
2025,Rio Claro,1395.3529058620709
2025,Vasco da Gama,1328.2817498592385
2025,Brasília,1677.3650875945095
2025,Botafogo,1321.3076630494024
2025,Basket Osasco,1249.458934670482
2025,Cruzeiro,1463.3830041275141
2025,Pato Basquete,1348.1634561712563
2025,Corinthians,1731.8653797415877
2025,Pinheiros,1790.4570622456265
2025,Basquete Cearense,1308.330038283798
2025,União Corinthians,1595.5169943237395
2025,Vasco da Gama,1321.3879675055869
2025,Caxias do Sul Basquete,1433.101655631467
2025,Mogi,1552.069084389841
2025,UNIFACISA,1542.1558269138202
2025,Rio Claro,1383.9121060577327
2025,Paulistano,1644.854257539785
2025,Cruzeiro,1498.1176776917182
2025,Caxias do Sul Basquete,1444.8543352097995
2025,Vasco da Gama,1309.6352879272545
2025,Basquete Cearense,1300.3518349490462
2025,Brasília,1685.3432909292615
2025,São José,1554.7134506503692
2025,Bauru,1715.187639603894
2025,Botafogo,1336.4538580213405
2025,Basket Osasco,1234.312739698544
2025,Pinheiros,1796.706618802166
2025,Cruzeiro,1491.8681211351786
2025,Basquete Cearense,1275.3904727489225
2025,Rio Claro,1408.8734682578563
2025,Pato Basquete,1333.3019107232594
2025,Mogi,1566.9306298378378
2025,Corinthians,1752.9777548634067
2025,Bauru,1694.075264482075
2025,Vasco da Gama,1323.2653516595662
2025,Basket Osasco,1220.6826759662322
2025,UNIFACISA,1570.9715580049653
2025,Brasília,1656.5275598381163
2025,Botafogo,1331.4493959398883
2025,Pinheiros,1801.7110808836183
2025,Paulistano,1652.7535522783198
2025,Rio Claro,1400.9741735193215
2025,Basket Osasco,1241.2733003579756
2025,Basquete Cearense,1254.7998483571791
2025,Cruzeiro,1459.744213947385
2025,Caxias do Sul Basquete,1476.978242397593
2025,Minas,1771.5815664211427
2025,União Corinthians,1584.784449958485
2025,Pato Basquete,1319.2961451313583
2025,São José,1568.7192162422702
2025,Flamengo,1786.0827168705512
2025,Pinheiros,1779.8900976516156
2025,Minas,1777.04114087957
2025,Caxias do Sul Basquete,1471.5186679391657
2025,Franca,1863.1126193074729
2025,UNIFACISA,1564.5873953045368
2025,Paulistano,1656.2072150641116
2025,Basquete Cearense,1251.3461855713874
2025,Cruzeiro,1442.7042312686222
2025,União Corinthians,1601.824432637248
2025,Rio Claro,1384.2506507235346
2025,Mogi,1583.6541526336248
2025,Flamengo,1787.7239938797081
2025,Basket Osasco,1239.6320233488186
2025,Brasília,1685.2453105895318
2025,Corinthians,1724.2600041119913
2025,Vasco da Gama,1318.3746044031143
2025,Pinheiros,1784.7808449080676
2025,Bauru,1706.877447627832
2025,UNIFACISA,1551.7852121587798
2025,Caxias do Sul Basquete,1439.7443893375691
2025,Botafogo,1363.2236745414848
2025,Franca,1864.2676426269388
2025,Basquete Cearense,1250.1911622519215
2025,Basket Osasco,1236.5678520829356
2025,Minas,1780.1053121454531
2025,Rio Claro,1368.662838512329
2025,São José,1584.3070284534758
2025,Flamengo,1799.3570324556579
2025,Paulistano,1644.5741764881618
2025,Brasília,1697.8663543469168
2025,Mogi,1571.0331088762398
2025,União Corinthians,1560.9216243355233
2025,Botafogo,1404.1264828432095
2025,Bauru,1710.7017912417796
2025,Pato Basquete,1315.4718015174108
2025,Corinthians,1707.0004198805068
2025,Franca,1881.5272268584233
2025,Pinheiros,1804.1601240251796
2025,Minas,1760.7260330283411
2025,Brasília,1722.1082193066945
2025,Flamengo,1775.11516749588
2025,União Corinthians,1593.9801317409108
2025,Flamengo,1742.0566600904926
2025,Minas,1765.9549841123453
2025,Cruzeiro,1437.475280184618
2025,São José,1575.4956333555785
2025,Franca,1890.3386219563206
2025,Vasco da Gama,1308.676011404035
2025,Paulistano,1654.272769487241
2025,Pinheiros,1810.3166389962905
2025,UNIFACISA,1545.6286971876689
2025,Mogi,1600.9865650350441
2025,Bauru,1680.7483350829752
2025,Caxias do Sul Basquete,1474.4703025880601
2025,Flamengo,1707.3307468400017
2025,Pato Basquete,1309.5504556035914
2025,Brasília,1728.0295652205139
2025,Rio Claro,1360.4656977293996
2025,Corinthians,1715.1975606634362
2025,Basket Osasco,1225.8536196912012
2025,UNIFACISA,1556.3429295794033
2025,Botafogo,1391.170617068917
2025,Paulistano,1667.2286352615336
2025,Mogi,1591.3511085610762
2025,Franca,1899.9740784302885
2025,Vasco da Gama,1303.7382120315397
2025,Minas,1770.8927834848407
2025,Corinthians,1740.8814467485809
2025,Pinheiros,1784.6327529111459
2025,Basquete Cearense,1285.1789723817462
2025,União Corinthians,1558.992321611086
2025,Bauru,1667.6897816899802
2025,Franca,1913.0326318232835
2025,Basquete Cearense,1267.7491316343865
2025,Caxias do Sul Basquete,1491.90014333542
2025,Pato Basquete,1284.4669826007655
2025,Rio Claro,1385.5491707322255
2025,Flamengo,1683.4603540532228
2025,Minas,1794.7631762716196
2025,Botafogo,1415.1856684510376
2025,Cruzeiro,1413.4602288024973
2025,UNIFACISA,1577.4524448262573
2025,União Corinthians,1537.882806364232
2025,Brasília,1739.6027796918338
2025,São José,1563.9224188842586
2025,Corinthians,1742.7131690136541
2025,Basket Osasco,1224.021897426128
2025,Flamengo,1689.6424775949938
2025,Cruzeiro,1407.2781052607263
2025,Botafogo,1407.5693158812885
2025,Minas,1802.3795288413687
2025,Franca,1914.0699140900283
2025,Pato Basquete,1283.4297003340207
2025,UNIFACISA,1542.5516615854888
2025,Caxias do Sul Basquete,1526.8009265761884
2025,Corinthians,1711.368662666071
2025,Paulistano,1698.5731416091166
2025,São José,1593.8677837144282
2025,Pinheiros,1754.6873880809762
2025,União Corinthians,1514.1108641607345
2025,Mogi,1615.1230507645737
2025,Vasco da Gama,1280.7201687594422
2025,Cruzeiro,1430.2961485328237
2025,Basket Osasco,1248.7165761135184
2025,Pato Basquete,1258.7350216466302
2025,Botafogo,1396.3936785454607
2025,Flamengo,1700.8181149308216
2025,Rio Claro,1382.39170582488
2025,Franca,1917.2273789973738
2025,Minas,1763.8730586501913
2025,UNIFACISA,1581.0581317766662
2025,Flamengo,1703.981820187046
2025,Vasco da Gama,1277.5564635032179
2025,Minas,1766.0292408895536
2025,Basquete Cearense,1265.592949395024
2025,Cruzeiro,1411.6823825261517
2025,UNIFACISA,1599.6718977833382
2025,Brasília,1723.8803831580428
2025,Franca,1932.9497755311647
2025,União Corinthians,1499.2840701358896
2025,Corinthians,1726.195456690916
2025,Caxias do Sul Basquete,1504.9469112796537
2025,São José,1615.721799010963
2025,Mogi,1642.6973565380445
2025,Paulistano,1670.9988358356459
2025,Rio Claro,1425.7710748805455
2025,Bauru,1624.3104126343148
2025,Cruzeiro,1423.2549235024135
2025,Basquete Cearense,1254.0204084187624
2025,Pinheiros,1756.8545007936088
2025,Pato Basquete,1256.5679089339976
2025,Caxias do Sul Basquete,1490.4131219010633
2025,Corinthians,1740.7292460695064
2025,União Corinthians,1528.0042113596144
2025,São José,1587.0016577872382
2025,Mogi,1601.1285715175338
2025,Basket Osasco,1290.285361134029
2025,Vasco da Gama,1308.4183380555353
2025,Botafogo,1365.5318039931433
2025,Brasília,1739.5326549852143
2025,Bauru,1608.6581408071434
2025,Paulistano,1674.2741864756063
2025,Pato Basquete,1253.2925582940372
2025,Corinthians,1752.6864378979046
2025,UNIFACISA,1587.71470595494
2025,Pinheiros,1761.807036924858
2025,Rio Claro,1420.8185387492963
2025,Minas,1770.2104729499702
2025,Cruzeiro,1419.073691441997
2025,Paulistano,1688.8504702496482
2025,Bauru,1594.0818570331014
2025,Flamengo,1715.2293788943514
2025,União Corinthians,1516.756652652309
2025,Franca,1934.3814220362954
2025,Botafogo,1364.1001574880127
2025,São José,1560.6053243976016
2025,Mogi,1627.5249049071704
2025,Brasília,1746.6753145086473
2025,Caxias do Sul Basquete,1483.2704623776303
2025,UNIFACISA,1620.0462890005574
2025,Corinthians,1720.3548548522872
2025,Bauru,1570.6750811960214
2025,Paulistano,1712.2572460867282
2025,Cruzeiro,1463.1357693691687
2025,Minas,1726.1483950227985
2025,Rio Claro,1412.6281720833886
2025,Pinheiros,1769.9974035907658
2025,Caxias do Sul Basquete,1471.6987700127415
2025,Brasília,1758.247006873536
2025,Mogi,1642.3848526254071
2025,São José,1545.7453766793649
2025,União Corinthians,1545.5842924657918
2025,Flamengo,1686.4017390808685
2025,Botafogo,1361.5834229082473
2025,Franca,1936.8981566160608
2025,UNIFACISA,1600.3151269760288
2025,Corinthians,1740.0860168768158
2025,Cruzeiro,1450.1912887397757
2025,Minas,1739.0928756521914
2025,Rio Claro,1405.36394701693
2025,Pinheiros,1777.2616286572243
2025,Bauru,1602.2423858968366
2025,Paulistano,1680.689941385913
2025,Mogi,1656.957503881428
2025,São José,1531.172725423344
2025,Caxias do Sul Basquete,1506.789973072648
2025,Brasília,1723.1558038136295
2025,União Corinthians,1525.7937630643628
2025,Flamengo,1706.1922684822975
2025,Botafogo,1359.3449057193968
2025,Franca,1939.1366738049112
2025,Corinthians,1752.1107113786682
2025,UNIFACISA,1588.2904324741764
2025,Minas,1745.0088619737928
2025,Cruzeiro,1444.2753024181743
2025,Paulistano,1696.0601497764449
2025,Bauru,1586.8721775063048
2025,Flamengo,1717.1325982970045
2025,União Corinthians,1514.8534332496558
2025,Brasília,1730.2338979374847
2025,Caxias do Sul Basquete,1499.711878948793
2025,Minas,1716.2316753971231
2025,Corinthians,1780.8878979553378
2025,Pinheiros,1792.4643808932583
2025,Paulistano,1680.8573975404108
2025,Franca,1901.1080615379246
2025,Mogi,1694.9861161484146
2025,Brasília,1748.7290253571812
2025,Flamengo,1698.637470877308
2025,Paulistano,1660.017384076365
2025,Pinheiros,1813.304394357304
2025,Corinthians,1748.96439950408
2025,Minas,1748.155173848381
2025,Flamengo,1724.184031641074
2025,Brasília,1723.1824645934153
2025,Mogi,1678.3432328825288
2025,Franca,1917.7509448038104
2025,Corinthians,1768.5995341753442
2025,Minas,1728.5200391771168
2025,Paulistano,1641.5731345900047
2025,Pinheiros,1831.7486438436645
2025,Mogi,1664.4655599205616
2025,Franca,1931.6286177657776
2025,Flamengo,1695.4912791312797
2025,Brasília,1751.8752171032095
2025,Minas,1701.8364805846072
2025,Corinthians,1795.2830927678538
2025,Franca,1887.4400392529512
2025,Mogi,1708.654138433388
2025,Brasília,1719.5355027096932
2025,Flamengo,1727.830993524796
2025,Franca,1895.8824512077156
2025,Mogi,1700.2117264786236
2025,Brasília,1738.5477112655906
2025,Flamengo,1708.8187849688986
2025,Franca,1906.8910067839718
2025,Brasília,1727.5391556893344
2025,Pinheiros,1851.803599857174
2025,Corinthians,1775.2281367543442
2025,Corinthians,1802.2929930182852
2025,Pinheiros,1824.738743593233
2025,Brasília,1762.5294879783198
2025,Franca,1871.9006744949863
2025,Corinthians,1779.1326030594198
2025,Pinheiros,1847.8991335520984
2025,Brasília,1739.94498961672
2025,Franca,1894.4851728565861
2025,Franca,1860.9152210319776
2025,Brasília,1773.5149414413286
2025,Pinheiros,1864.3291826654158
2025,Corinthians,1762.7025539461024
2025,Franca,1873.9042458432134
2025,Brasília,1760.5259166300928
2025,Franca,1893.7526284355008
2025,Pinheiros,1844.4808000731284
2025,Pinheiros,1821.4845061083238
2025,Franca,1916.7489224003054
2025,Pinheiros,1845.3428000644835
2025,Franca,1892.8906284441457
2025,Franca,1910.2057892308737
2025,Pinheiros,1828.0276392777555
